worker_id,task_id,anger_judg,anger_gold,disgust_judg,disgust_gold,fear_judg,fear_gold,joy_judg,joy_gold,sadness_judg,sadness_gold,surprise_judg,surprise_gold,valence_judg,valence_gold
A1AVJRFM6L0RN8,594,25,37,50,2,25,56,25,0,25,11,0,6,0,-66
ADAGUJNWMEPT6,594,80,37,50,2,60,56,0,0,25,11,5,6,-60,-66
A1LY3NJTYW9TFF,594,5,37,0,2,0,56,0,0,0,11,0,6,0,-66
A14WWG6NKBDWGP,594,30,37,30,2,30,56,0,0,20,11,40,6,-50,-66
A1VYRD3HO2WDUN,594,20,37,50,2,50,56,0,0,50,11,0,6,-50,-66
A1XUURRBT9RYFW,594,10,37,10,2,50,56,0,0,20,11,10,6,-40,-66
A1M0SEWUJYX9K0,594,60,37,60,2,60,56,0,0,75,11,20,6,-75,-66
A2KBTYNGUFRB9N,594,80,37,80,2,60,56,0,0,0,11,30,6,-75,-66
A3POYFULMTNW1H,594,25,37,0,2,20,56,0,0,10,11,0,6,-20,-66
ARQ4J4TLTPBNC,594,100,37,100,2,40,56,0,0,100,11,0,6,-100,-66
A1AVJRFM6L0RN8,582,0,48,0,13,0,53,0,0,0,40,0,0,0,-69
ADAGUJNWMEPT6,582,5,48,5,13,5,53,0,0,45,40,10,0,-15,-69
A1LY3NJTYW9TFF,582,0,48,0,13,0,53,0,0,0,40,0,0,0,-69
A14WWG6NKBDWGP,582,50,48,40,13,40,53,0,0,80,40,70,0,-80,-69
A1VYRD3HO2WDUN,582,0,48,0,13,40,53,0,0,40,40,0,0,-40,-69
A1XUURRBT9RYFW,582,10,48,5,13,5,53,0,0,5,40,5,0,-10,-69
A1M0SEWUJYX9K0,582,75,48,75,13,75,53,0,0,75,40,10,0,-75,-69
A2KBTYNGUFRB9N,582,50,48,40,13,50,53,0,0,30,40,30,0,-60,-69
A3POYFULMTNW1H,582,0,48,0,13,0,53,0,0,80,40,0,0,80,-69
ARQ4J4TLTPBNC,582,100,48,100,13,0,53,0,0,100,40,0,0,-100,-69
A1AVJRFM6L0RN8,593,0,0,0,2,0,0,75,8,0,0,75,73,75,35
ADAGUJNWMEPT6,593,0,0,15,2,0,0,10,8,0,0,15,73,15,35
A1LY3NJTYW9TFF,593,0,0,50,2,0,0,0,8,0,0,5,73,0,35
A14WWG6NKBDWGP,593,0,0,20,2,0,0,10,8,0,0,10,73,30,35
A1VYRD3HO2WDUN,593,0,0,50,2,0,0,0,8,0,0,80,73,-20,35
A1XUURRBT9RYFW,593,0,0,15,2,0,0,0,8,0,0,10,73,-5,35
A1M0SEWUJYX9K0,593,0,0,10,2,0,0,0,8,0,0,75,73,0,35
A2KBTYNGUFRB9N,593,0,0,30,2,0,0,10,8,0,0,90,73,20,35
A3POYFULMTNW1H,593,0,0,0,2,0,0,80,8,0,0,80,73,80,35
ARQ4J4TLTPBNC,593,0,0,0,2,0,0,0,8,0,0,0,73,0,35
A1AVJRFM6L0RN8,592,0,0,0,0,0,0,0,41,0,2,0,26,0,43
ADAGUJNWMEPT6,592,0,0,0,0,5,0,35,41,0,2,10,26,30,43
A1LY3NJTYW9TFF,592,10,0,0,0,0,0,0,41,0,2,0,26,0,43
A14WWG6NKBDWGP,592,0,0,0,0,0,0,0,41,0,2,0,26,0,43
A1VYRD3HO2WDUN,592,0,0,0,0,0,0,10,41,0,2,5,26,5,43
A1XUURRBT9RYFW,592,0,0,0,0,5,0,5,41,0,2,5,26,5,43
A1M0SEWUJYX9K0,592,0,0,0,0,0,0,0,41,45,2,20,26,0,43
A2KBTYNGUFRB9N,592,0,0,0,0,30,0,60,41,0,2,100,26,50,43
A3POYFULMTNW1H,592,0,0,0,0,0,0,50,41,0,2,10,26,50,43
ARQ4J4TLTPBNC,592,0,0,0,0,0,0,100,41,0,2,0,26,100,43
A1AVJRFM6L0RN8,581,0,49,0,0,0,0,0,0,0,14,0,15,0,-52
ADAGUJNWMEPT6,581,0,49,0,0,0,0,0,0,0,14,0,15,0,-52
A1LY3NJTYW9TFF,581,40,49,40,0,0,0,0,0,0,14,0,15,0,-52
A14WWG6NKBDWGP,581,50,49,50,0,0,0,0,0,0,14,60,15,-50,-52
A1VYRD3HO2WDUN,581,0,49,10,0,0,0,0,0,20,14,0,15,-10,-52
A1XUURRBT9RYFW,581,0,49,0,0,0,0,0,0,0,14,5,15,0,-52
A1M0SEWUJYX9K0,581,25,49,50,0,0,0,0,0,50,14,10,15,-50,-52
A2KBTYNGUFRB9N,581,20,49,30,0,0,0,0,0,0,14,40,15,-10,-52
A3POYFULMTNW1H,581,0,49,0,0,0,0,30,0,0,14,30,15,30,-52
ARQ4J4TLTPBNC,581,0,49,0,0,0,0,0,0,0,14,0,15,0,-52
A1AVJRFM6L0RN8,591,75,52,75,13,25,67,0,0,0,22,0,22,0,-81
ADAGUJNWMEPT6,591,50,52,45,13,25,67,0,0,5,22,5,22,-25,-81
A1LY3NJTYW9TFF,591,20,52,5,13,0,67,0,0,0,22,0,22,0,-81
A14WWG6NKBDWGP,591,40,52,0,13,40,67,0,0,60,22,50,22,-60,-81
A1VYRD3HO2WDUN,591,0,52,0,13,80,67,0,0,40,22,0,22,-30,-81
A1XUURRBT9RYFW,591,5,52,5,13,30,67,0,0,20,22,5,22,-20,-81
A1M0SEWUJYX9K0,591,80,52,80,13,80,67,0,0,80,22,0,22,-100,-81
A2KBTYNGUFRB9N,591,90,52,40,13,75,67,0,0,0,22,50,22,-90,-81
A3POYFULMTNW1H,591,95,52,80,13,50,67,0,0,30,22,0,22,-80,-81
ARQ4J4TLTPBNC,591,100,52,100,13,40,67,0,0,100,22,0,22,-100,-81
A1AVJRFM6L0RN8,580,0,0,0,0,0,0,0,63,0,0,0,24,0,62
ADAGUJNWMEPT6,580,0,0,0,0,0,0,0,63,0,0,0,24,0,62
A1LY3NJTYW9TFF,580,0,0,0,0,0,0,5,63,0,0,0,24,0,62
A14WWG6NKBDWGP,580,0,0,0,0,0,0,80,63,0,0,50,24,75,62
A1VYRD3HO2WDUN,580,0,0,0,0,0,0,5,63,0,0,0,24,5,62
A1XUURRBT9RYFW,580,0,0,0,0,0,0,5,63,0,0,0,24,5,62
A1M0SEWUJYX9K0,580,0,0,0,0,0,0,50,63,0,0,20,24,85,62
A2KBTYNGUFRB9N,580,0,0,0,0,0,0,80,63,0,0,70,24,80,62
A3POYFULMTNW1H,580,0,0,0,0,0,0,0,63,0,0,50,24,0,62
ARQ4J4TLTPBNC,580,0,0,0,0,0,0,100,63,0,0,10,24,0,62
A1AVJRFM6L0RN8,590,0,7,0,10,0,75,0,0,25,29,0,2,0,-67
ADAGUJNWMEPT6,590,5,7,0,10,15,75,0,0,15,29,10,2,-15,-67
A1LY3NJTYW9TFF,590,0,7,0,10,10,75,0,0,25,29,0,2,0,-67
A14WWG6NKBDWGP,590,20,7,0,10,60,75,0,0,60,29,60,2,-60,-67
A1VYRD3HO2WDUN,590,0,7,0,10,20,75,0,0,20,29,0,2,-20,-67
A1XUURRBT9RYFW,590,0,7,0,10,0,75,0,0,5,29,0,2,-5,-67
A1M0SEWUJYX9K0,590,0,7,0,10,50,75,0,0,30,29,0,2,-40,-67
A2KBTYNGUFRB9N,590,0,7,0,10,60,75,0,0,80,29,60,2,-30,-67
A3POYFULMTNW1H,590,0,7,0,10,30,75,0,0,0,29,0,2,-20,-67
ARQ4J4TLTPBNC,590,0,7,0,10,0,75,0,0,0,29,0,2,0,-67
A1AVJRFM6L0RN8,589,0,23,0,25,0,0,0,0,0,28,0,12,0,-44
ADAGUJNWMEPT6,589,0,23,0,25,0,0,0,0,0,28,0,12,0,-44
A1LY3NJTYW9TFF,589,30,23,10,25,0,0,0,0,0,28,30,12,-40,-44
A14WWG6NKBDWGP,589,10,23,30,25,0,0,10,0,0,28,0,12,-10,-44
A1VYRD3HO2WDUN,589,0,23,50,25,0,0,0,0,50,28,0,12,-20,-44
A1XUURRBT9RYFW,589,0,23,0,25,0,0,5,0,0,28,10,12,5,-44
A1M0SEWUJYX9K0,589,0,23,40,25,0,0,0,0,0,28,0,12,-75,-44
A2KBTYNGUFRB9N,589,0,23,0,25,0,0,0,0,30,28,60,12,-20,-44
A3POYFULMTNW1H,589,35,23,35,25,0,0,0,0,10,28,0,12,-10,-44
ARQ4J4TLTPBNC,589,0,23,0,25,0,0,0,0,0,28,0,12,0,-44
A1AVJRFM6L0RN8,588,0,2,0,0,0,11,0,30,0,2,0,16,0,21
ADAGUJNWMEPT6,588,0,2,0,0,0,11,0,30,0,2,10,16,0,21
A1LY3NJTYW9TFF,588,0,2,0,0,0,11,0,30,0,2,0,16,0,21
A14WWG6NKBDWGP,588,0,2,0,0,0,11,0,30,0,2,0,16,0,21
A1VYRD3HO2WDUN,588,0,2,0,0,0,11,0,30,0,2,0,16,0,21
A1XUURRBT9RYFW,588,0,2,0,0,0,11,0,30,0,2,0,16,0,21
A1M0SEWUJYX9K0,588,0,2,0,0,0,11,0,30,0,2,0,16,0,21
A2KBTYNGUFRB9N,588,0,2,0,0,0,11,50,30,0,2,100,16,75,21
A3POYFULMTNW1H,588,0,2,0,0,0,11,10,30,0,2,20,16,10,21
ARQ4J4TLTPBNC,588,0,2,0,0,0,11,0,30,0,2,0,16,0,21
A1AVJRFM6L0RN8,599,0,0,0,0,0,0,0,14,0,0,0,2,0,12
ADAGUJNWMEPT6,599,0,0,0,0,5,0,0,14,0,0,0,2,1,12
A1LY3NJTYW9TFF,599,0,0,0,0,0,0,0,14,0,0,0,2,0,12
A14WWG6NKBDWGP,599,0,0,0,0,10,0,10,14,0,0,0,2,0,12
A1VYRD3HO2WDUN,599,0,0,0,0,0,0,0,14,0,0,0,2,0,12
A1XUURRBT9RYFW,599,0,0,0,0,0,0,0,14,0,0,0,2,0,12
A1M0SEWUJYX9K0,599,0,0,0,0,0,0,0,14,0,0,0,2,0,12
A2KBTYNGUFRB9N,599,0,0,0,0,0,0,5,14,0,0,0,2,0,12
A3POYFULMTNW1H,599,2,0,0,0,0,0,0,14,5,0,5,2,0,12
ARQ4J4TLTPBNC,599,40,0,50,0,40,0,0,14,100,0,40,2,0,12
A1AVJRFM6L0RN8,598,25,0,25,0,52,9,0,0,25,3,0,2,50,-10
ADAGUJNWMEPT6,598,0,0,0,0,10,9,0,0,0,3,10,2,-10,-10
A1LY3NJTYW9TFF,598,0,0,0,0,0,9,15,0,0,3,0,2,15,-10
A14WWG6NKBDWGP,598,0,0,30,0,20,9,20,0,0,3,0,2,10,-10
A1VYRD3HO2WDUN,598,0,0,0,0,0,9,0,0,0,3,0,2,0,-10
A1XUURRBT9RYFW,598,0,0,0,0,0,9,0,0,0,3,0,2,0,-10
A1M0SEWUJYX9K0,598,0,0,0,0,0,9,10,0,0,3,10,2,40,-10
A2KBTYNGUFRB9N,598,0,0,0,0,5,9,50,0,0,3,0,2,25,-10
A3POYFULMTNW1H,598,0,0,0,0,50,9,3,0,0,3,3,2,20,-10
ARQ4J4TLTPBNC,598,0,0,0,0,0,9,0,0,0,3,0,2,0,-10
A1AVJRFM6L0RN8,587,0,0,0,0,0,0,75,47,0,0,75,56,0,61
ADAGUJNWMEPT6,587,0,0,0,0,0,0,5,47,0,0,15,56,7,61
A1LY3NJTYW9TFF,587,0,0,0,0,10,0,0,47,0,0,30,56,15,61
A14WWG6NKBDWGP,587,0,0,0,0,0,0,20,47,0,0,30,56,30,61
A1VYRD3HO2WDUN,587,0,0,0,0,0,0,0,47,0,0,0,56,20,61
A1XUURRBT9RYFW,587,0,0,0,0,0,0,5,47,0,0,0,56,5,61
A1M0SEWUJYX9K0,587,0,0,0,0,0,0,20,47,0,0,25,56,60,61
A2KBTYNGUFRB9N,587,0,0,0,0,0,0,60,47,0,0,20,56,40,61
A3POYFULMTNW1H,587,0,0,0,0,0,0,80,47,0,0,0,56,80,61
ARQ4J4TLTPBNC,587,0,0,0,0,0,0,100,47,0,0,70,56,100,61
A1AVJRFM6L0RN8,597,0,0,0,0,0,0,0,45,0,0,0,8,0,44
ADAGUJNWMEPT6,597,0,0,0,0,0,0,0,45,0,0,0,8,0,44
A1LY3NJTYW9TFF,597,0,0,0,0,0,0,10,45,0,0,0,8,20,44
A14WWG6NKBDWGP,597,0,0,0,0,0,0,50,45,0,0,50,8,25,44
A1VYRD3HO2WDUN,597,0,0,0,0,0,0,5,45,0,0,5,8,5,44
A1XUURRBT9RYFW,597,0,0,0,0,0,0,0,45,0,0,0,8,0,44
A1M0SEWUJYX9K0,597,0,0,0,0,0,0,15,45,0,0,15,8,50,44
A2KBTYNGUFRB9N,597,0,0,0,0,0,0,10,45,0,0,40,8,10,44
A3POYFULMTNW1H,597,0,0,0,0,0,0,50,45,0,0,20,8,50,44
ARQ4J4TLTPBNC,597,0,0,0,0,0,0,0,45,0,0,0,8,0,44
A1AVJRFM6L0RN8,586,0,0,0,0,0,0,25,43,0,0,25,40,25,54
ADAGUJNWMEPT6,586,0,0,0,0,0,0,0,43,0,0,0,40,0,54
A1LY3NJTYW9TFF,586,0,0,0,0,0,0,0,43,0,0,20,40,0,54
A14WWG6NKBDWGP,586,0,0,0,0,60,0,20,43,0,0,50,40,50,54
A1VYRD3HO2WDUN,586,0,0,0,0,0,0,0,43,0,0,5,40,0,54
A1XUURRBT9RYFW,586,0,0,0,0,0,0,0,43,0,0,5,40,2,54
A1M0SEWUJYX9K0,586,0,0,0,0,0,0,50,43,0,0,50,40,80,54
A2KBTYNGUFRB9N,586,0,0,0,0,0,0,40,43,0,0,30,40,10,54
A3POYFULMTNW1H,586,0,0,0,0,0,0,60,43,0,0,0,40,0,54
ARQ4J4TLTPBNC,586,0,0,0,0,0,0,100,43,0,0,80,40,100,54
A1AVJRFM6L0RN8,585,80,2,80,0,0,32,0,0,85,93,0,46,-75,-90
ADAGUJNWMEPT6,585,15,2,25,0,25,32,0,0,80,93,20,46,-90,-90
A1LY3NJTYW9TFF,585,0,2,0,0,20,32,0,0,100,93,0,46,0,-90
A14WWG6NKBDWGP,585,60,2,50,0,60,32,0,0,100,93,50,46,-80,-90
A1VYRD3HO2WDUN,585,50,2,50,0,0,32,0,0,90,93,50,46,-60,-90
A1XUURRBT9RYFW,585,10,2,10,0,10,32,0,0,100,93,25,46,-85,-90
A1M0SEWUJYX9K0,585,90,2,90,0,75,32,0,0,90,93,90,46,-100,-90
A2KBTYNGUFRB9N,585,85,2,90,0,0,32,0,0,100,93,90,46,-100,-90
A3POYFULMTNW1H,585,90,2,90,0,0,32,0,0,90,93,75,46,-99,-90
ARQ4J4TLTPBNC,585,0,2,100,0,100,32,0,0,100,93,100,46,-100,-90
A1AVJRFM6L0RN8,596,0,0,0,0,0,0,50,43,50,16,50,79,0,52
ADAGUJNWMEPT6,596,5,0,35,0,10,0,5,43,75,16,5,79,-35,52
A1LY3NJTYW9TFF,596,0,0,0,0,15,0,50,43,20,16,0,79,80,52
A14WWG6NKBDWGP,596,0,0,0,0,0,0,20,43,60,16,20,79,50,52
A1VYRD3HO2WDUN,596,0,0,5,0,0,0,0,43,80,16,5,79,-60,52
A1XUURRBT9RYFW,596,0,0,0,0,0,0,10,43,10,16,10,79,5,52
A1M0SEWUJYX9K0,596,0,0,0,0,20,0,0,43,25,16,50,79,-10,52
A2KBTYNGUFRB9N,596,0,0,15,0,0,0,50,43,30,16,70,79,40,52
A3POYFULMTNW1H,596,0,0,0,0,0,0,55,43,55,16,0,79,55,52
ARQ4J4TLTPBNC,596,0,0,0,0,0,0,100,43,100,16,75,79,100,52
A1AVJRFM6L0RN8,584,0,0,0,12,0,7,0,0,0,21,0,57,0,-51
ADAGUJNWMEPT6,584,5,0,5,12,35,7,0,0,35,21,25,57,-20,-51
A1LY3NJTYW9TFF,584,10,0,0,12,2,7,0,0,20,21,0,57,-40,-51
A14WWG6NKBDWGP,584,0,0,20,12,20,7,0,0,20,21,20,57,-30,-51
A1VYRD3HO2WDUN,584,0,0,0,12,0,7,0,0,0,21,5,57,0,-51
A1XUURRBT9RYFW,584,0,0,0,12,0,7,0,0,0,21,0,57,-5,-51
A1M0SEWUJYX9K0,584,15,0,50,12,30,7,0,0,65,21,70,57,-85,-51
A2KBTYNGUFRB9N,584,60,0,50,12,0,7,0,0,70,21,30,57,-50,-51
A3POYFULMTNW1H,584,0,0,0,12,0,7,0,0,80,21,0,57,-80,-51
ARQ4J4TLTPBNC,584,0,0,100,12,100,7,0,0,100,21,100,57,-100,-51
A39APWH62XBLR9,572,0,8,0,0,0,5,100,34,0,3,0,12,100,26
A1XUURRBT9RYFW,572,0,8,0,0,0,5,10,34,0,3,10,12,10,26
A3EKIOVCNYJ9BJ,572,0,8,0,0,0,5,10,34,0,3,15,12,40,26
A3TDUHEBFJ53NM,572,0,8,0,0,0,5,50,34,0,3,50,12,50,26
AHFO0JTF5WO8J,572,0,8,0,0,0,5,90,34,0,3,0,12,90,26
A2OY54JKHARPKS,572,0,8,0,0,0,5,10,34,0,3,0,12,0,26
A1XUMT8PKEPRR1,572,100,8,0,0,50,5,1,34,1,3,0,12,-50,26
A15L6WGIK3VU7N,572,0,8,0,0,0,5,30,34,0,3,20,12,40,26
A3POYFULMTNW1H,572,0,8,0,0,0,5,99,34,0,3,10,12,99,26
ARQ4J4TLTPBNC,572,0,8,0,0,0,5,100,34,0,3,100,12,100,26
A39APWH62XBLR9,561,50,17,50,8,0,11,0,13,50,7,0,5,-50,-34
A1XUURRBT9RYFW,561,0,17,0,8,0,11,5,13,0,7,5,5,5,-34
A3EKIOVCNYJ9BJ,561,0,17,20,8,0,11,0,13,0,7,0,5,-10,-34
A3TDUHEBFJ53NM,561,0,17,0,8,0,11,0,13,0,7,0,5,0,-34
AHFO0JTF5WO8J,561,0,17,0,8,0,11,0,13,0,7,40,5,0,-34
A2OY54JKHARPKS,561,2,17,2,8,0,11,0,13,0,7,0,5,0,-34
A1XUMT8PKEPRR1,561,20,17,20,8,0,11,0,13,30,7,5,5,-20,-34
A15L6WGIK3VU7N,561,25,17,5,8,0,11,0,13,31,7,70,5,-30,-34
A3POYFULMTNW1H,561,80,17,0,8,0,11,0,13,70,7,70,5,-60,-34
ARQ4J4TLTPBNC,561,100,17,100,8,0,11,0,13,100,7,0,5,0,-34
A39APWH62XBLR9,571,0,0,0,0,0,0,0,32,0,0,0,35,0,32
A1XUURRBT9RYFW,571,0,0,0,0,0,0,0,32,0,0,0,35,0,32
A3EKIOVCNYJ9BJ,571,0,0,0,0,0,0,0,32,0,0,15,35,0,32
A3TDUHEBFJ53NM,571,0,0,0,0,0,0,50,32,0,0,10,35,50,32
AHFO0JTF5WO8J,571,0,0,0,0,0,0,0,32,0,0,0,35,0,32
A2OY54JKHARPKS,571,0,0,0,0,0,0,0,32,0,0,0,35,0,32
A1XUMT8PKEPRR1,571,0,0,0,0,0,0,50,32,50,0,50,35,0,32
A15L6WGIK3VU7N,571,0,0,0,0,0,0,0,32,0,0,0,35,0,32
A3POYFULMTNW1H,571,0,0,0,0,0,0,50,32,0,0,0,35,50,32
ARQ4J4TLTPBNC,571,0,0,0,0,0,0,0,32,0,0,0,35,0,32
A39APWH62XBLR9,560,0,0,0,0,0,6,0,23,0,0,0,44,0,31
A1XUURRBT9RYFW,560,0,0,0,0,5,6,0,23,0,0,0,44,-5,31
A3EKIOVCNYJ9BJ,560,0,0,0,0,0,6,0,23,0,0,40,44,0,31
A3TDUHEBFJ53NM,560,0,0,0,0,0,6,0,23,0,0,50,44,50,31
AHFO0JTF5WO8J,560,0,0,0,0,0,6,0,23,0,0,65,44,0,31
A2OY54JKHARPKS,560,0,0,0,0,0,6,1,23,0,0,1,44,20,31
A1XUMT8PKEPRR1,560,0,0,0,0,0,6,0,23,0,0,40,44,50,31
A15L6WGIK3VU7N,560,0,0,0,0,0,6,0,23,0,0,0,44,0,31
A3POYFULMTNW1H,560,0,0,0,0,0,6,30,23,0,0,70,44,100,31
ARQ4J4TLTPBNC,560,0,0,0,0,0,6,0,23,0,0,0,44,0,31
A39APWH62XBLR9,570,50,6,75,17,0,0,0,0,75,41,0,23,-50,-43
A1XUURRBT9RYFW,570,0,6,0,17,0,0,0,0,0,41,5,23,-2,-43
A3EKIOVCNYJ9BJ,570,20,6,10,17,0,0,0,0,0,41,0,23,-10,-43
A3TDUHEBFJ53NM,570,0,6,0,17,0,0,0,0,0,41,0,23,0,-43
AHFO0JTF5WO8J,570,40,6,40,17,0,0,0,0,50,41,0,23,-40,-43
A2OY54JKHARPKS,570,0,6,0,17,0,0,0,0,0,41,0,23,0,-43
A1XUMT8PKEPRR1,570,20,6,0,17,0,0,20,0,0,41,50,23,20,-43
A15L6WGIK3VU7N,570,5,6,25,17,0,0,0,0,30,41,42,23,-20,-43
A3POYFULMTNW1H,570,0,6,0,17,0,0,30,0,0,41,30,23,30,-43
ARQ4J4TLTPBNC,570,0,6,0,17,0,0,0,0,0,41,0,23,0,-43
A39APWH62XBLR9,569,0,0,0,0,0,8,0,32,0,0,0,5,0,31
A1XUURRBT9RYFW,569,0,0,0,0,0,8,0,32,0,0,5,5,2,31
A3EKIOVCNYJ9BJ,569,0,0,0,0,0,8,0,32,0,0,0,5,0,31
A3TDUHEBFJ53NM,569,0,0,0,0,0,8,0,32,0,0,0,5,0,31
AHFO0JTF5WO8J,569,0,0,0,0,0,8,0,32,0,0,0,5,0,31
A2OY54JKHARPKS,569,0,0,0,0,0,8,0,32,0,0,0,5,0,31
A1XUMT8PKEPRR1,569,0,0,0,0,0,8,0,32,0,0,0,5,0,31
A15L6WGIK3VU7N,569,0,0,0,0,0,8,0,32,0,0,0,5,0,31
A3POYFULMTNW1H,569,50,0,50,0,0,8,0,32,0,0,99,5,60,31
ARQ4J4TLTPBNC,569,0,0,0,0,0,8,0,32,0,0,0,5,0,31
A39APWH62XBLR9,568,100,32,100,15,50,77,0,0,100,50,20,9,-90,-82
A1XUURRBT9RYFW,568,10,32,10,15,5,77,0,0,10,50,10,9,-10,-82
A3EKIOVCNYJ9BJ,568,10,32,20,15,10,77,0,0,30,50,0,9,-30,-82
A3TDUHEBFJ53NM,568,50,32,50,15,10,77,0,0,70,50,20,9,50,-82
AHFO0JTF5WO8J,568,60,32,70,15,0,77,0,0,70,50,0,9,-80,-82
A2OY54JKHARPKS,568,15,32,15,15,10,77,0,0,15,50,0,9,0,-82
A1XUMT8PKEPRR1,568,80,32,80,15,0,77,0,0,50,50,0,9,-25,-82
A15L6WGIK3VU7N,568,0,32,0,15,0,77,0,0,10,50,5,9,-40,-82
A3POYFULMTNW1H,568,99,32,99,15,90,77,0,0,99,50,0,9,-99,-82
ARQ4J4TLTPBNC,568,100,32,100,15,0,77,0,0,100,50,0,9,-100,-82
A39APWH62XBLR9,579,30,6,30,0,0,17,0,0,10,22,0,13,-25,-45
A1XUURRBT9RYFW,579,0,6,0,0,0,17,0,0,0,22,10,13,0,-45
A3EKIOVCNYJ9BJ,579,0,6,40,0,0,17,0,0,0,22,10,13,25,-45
A3TDUHEBFJ53NM,579,0,6,10,0,50,17,0,0,25,22,10,13,0,-45
AHFO0JTF5WO8J,579,0,6,0,0,0,17,0,0,10,22,0,13,0,-45
A2OY54JKHARPKS,579,0,6,0,0,10,17,0,0,10,22,20,13,0,-45
A1XUMT8PKEPRR1,579,0,6,0,0,0,17,0,0,20,22,0,13,0,-45
A15L6WGIK3VU7N,579,30,6,0,0,20,17,0,0,20,22,10,13,-20,-45
A3POYFULMTNW1H,579,0,6,0,0,20,17,0,0,20,22,20,13,-20,-45
ARQ4J4TLTPBNC,579,0,6,0,0,0,17,0,0,0,22,100,13,0,-45
A39APWH62XBLR9,567,0,0,0,0,0,0,0,50,0,0,0,29,0,50
A1XUURRBT9RYFW,567,0,0,0,0,0,0,0,50,0,0,10,29,5,50
A3EKIOVCNYJ9BJ,567,0,0,0,0,0,0,10,50,0,0,20,29,25,50
A3TDUHEBFJ53NM,567,0,0,0,0,0,0,50,50,0,0,0,29,70,50
AHFO0JTF5WO8J,567,0,0,0,0,0,0,25,50,0,0,0,29,50,50
A2OY54JKHARPKS,567,0,0,0,0,0,0,2,50,0,0,0,29,0,50
A1XUMT8PKEPRR1,567,0,0,0,0,0,0,80,50,0,0,50,29,10,50
A15L6WGIK3VU7N,567,0,0,0,0,0,0,20,50,0,0,16,29,50,50
A3POYFULMTNW1H,567,0,0,0,0,0,0,60,50,0,0,50,29,80,50
ARQ4J4TLTPBNC,567,0,0,0,0,0,0,100,50,0,0,0,29,100,50
A39APWH62XBLR9,578,0,15,0,10,10,49,0,0,10,41,30,12,-15,-52
A1XUURRBT9RYFW,578,0,15,0,10,25,49,0,0,0,41,10,12,-20,-52
A3EKIOVCNYJ9BJ,578,55,15,65,10,20,49,0,0,30,41,5,12,60,-52
A3TDUHEBFJ53NM,578,0,15,50,10,80,49,0,0,80,41,10,12,100,-52
AHFO0JTF5WO8J,578,0,15,0,10,40,49,0,0,60,41,0,12,-70,-52
A2OY54JKHARPKS,578,15,15,15,10,20,49,0,0,20,41,0,12,0,-52
A1XUMT8PKEPRR1,578,70,15,80,10,70,49,0,0,100,41,75,12,-50,-52
A15L6WGIK3VU7N,578,30,15,30,10,20,49,0,0,50,41,0,12,-90,-52
A3POYFULMTNW1H,578,50,15,0,10,50,49,0,0,50,41,0,12,-50,-52
ARQ4J4TLTPBNC,578,100,15,100,10,100,49,0,0,100,41,0,12,-100,-52
A39APWH62XBLR9,577,0,9,0,0,0,19,30,21,0,14,10,16,30,-2
A1XUURRBT9RYFW,577,0,9,0,0,0,19,5,21,0,14,5,16,5,-2
A3EKIOVCNYJ9BJ,577,0,9,0,0,0,19,40,21,0,14,10,16,80,-2
A3TDUHEBFJ53NM,577,0,9,0,0,0,19,70,21,0,14,10,16,80,-2
AHFO0JTF5WO8J,577,0,9,0,0,0,19,70,21,0,14,0,16,80,-2
A2OY54JKHARPKS,577,0,9,0,0,0,19,0,21,0,14,0,16,0,-2
A1XUMT8PKEPRR1,577,20,9,25,0,0,19,0,21,20,14,0,16,0,-2
A15L6WGIK3VU7N,577,0,9,0,0,0,19,50,21,0,14,20,16,50,-2
A3POYFULMTNW1H,577,0,9,0,0,0,19,90,21,0,14,0,16,90,-2
ARQ4J4TLTPBNC,577,0,9,0,0,0,19,100,21,0,14,0,16,100,-2
A39APWH62XBLR9,566,0,0,0,0,0,0,75,60,0,0,0,19,75,62
A1XUURRBT9RYFW,566,0,0,0,0,0,0,2,60,0,0,2,19,2,62
A3EKIOVCNYJ9BJ,566,0,0,0,0,0,0,25,60,0,0,0,19,70,62
A3TDUHEBFJ53NM,566,0,0,0,0,0,0,50,60,0,0,20,19,50,62
AHFO0JTF5WO8J,566,0,0,0,0,0,0,0,60,0,0,30,19,0,62
A2OY54JKHARPKS,566,0,0,0,0,0,0,0,60,0,0,2,19,0,62
A1XUMT8PKEPRR1,566,0,0,0,0,0,0,80,60,0,0,50,19,20,62
A15L6WGIK3VU7N,566,0,0,0,0,0,0,50,60,0,0,0,19,80,62
A3POYFULMTNW1H,566,0,0,0,0,0,0,99,60,0,0,0,19,99,62
ARQ4J4TLTPBNC,566,0,0,0,0,0,0,0,60,0,0,0,19,0,62
A39APWH62XBLR9,576,100,52,100,87,70,18,0,0,100,23,10,25,-100,-88
A1XUURRBT9RYFW,576,100,52,100,87,90,18,0,0,90,23,50,25,-100,-88
A3EKIOVCNYJ9BJ,576,66,52,79,87,0,18,0,0,70,23,5,25,90,-88
A3TDUHEBFJ53NM,576,50,52,80,87,0,18,50,0,50,23,50,25,50,-88
AHFO0JTF5WO8J,576,90,52,90,87,0,18,0,0,70,23,0,25,-90,-88
A2OY54JKHARPKS,576,25,52,25,87,25,18,0,0,25,23,0,25,0,-88
A1XUMT8PKEPRR1,576,70,52,100,87,50,18,0,0,100,23,50,25,-100,-88
A15L6WGIK3VU7N,576,60,52,80,87,20,18,0,0,20,23,0,25,-100,-88
A3POYFULMTNW1H,576,99,52,99,87,60,18,0,0,99,23,50,25,-99,-88
ARQ4J4TLTPBNC,576,100,52,100,87,100,18,0,0,100,23,0,25,-100,-88
A39APWH62XBLR9,564,0,0,0,0,0,0,0,44,0,0,0,25,0,51
A1XUURRBT9RYFW,564,0,0,0,0,0,0,0,44,0,0,0,25,0,51
A3EKIOVCNYJ9BJ,564,0,0,0,0,0,0,0,44,0,0,10,25,0,51
A3TDUHEBFJ53NM,564,0,0,0,0,0,0,0,44,0,0,0,25,0,51
AHFO0JTF5WO8J,564,0,0,0,0,0,0,0,44,0,0,0,25,0,51
A2OY54JKHARPKS,564,0,0,0,0,0,0,0,44,0,0,0,25,0,51
A1XUMT8PKEPRR1,564,0,0,0,0,0,0,0,44,0,0,0,25,0,51
A15L6WGIK3VU7N,564,0,0,0,0,0,0,0,44,0,0,0,25,0,51
A3POYFULMTNW1H,564,0,0,0,0,0,0,0,44,0,0,0,25,0,51
ARQ4J4TLTPBNC,564,0,0,0,0,0,0,0,44,0,0,0,25,0,51
A39APWH62XBLR9,565,100,32,100,27,50,84,0,0,100,95,20,20,-100,-98
A1XUURRBT9RYFW,565,50,32,10,27,50,84,0,0,80,95,5,20,-50,-98
A3EKIOVCNYJ9BJ,565,80,32,70,27,30,84,0,0,80,95,0,20,-90,-98
A3TDUHEBFJ53NM,565,20,32,20,27,20,84,0,0,80,95,0,20,80,-98
AHFO0JTF5WO8J,565,90,32,90,27,0,84,0,0,65,95,0,20,-85,-98
A2OY54JKHARPKS,565,30,32,30,27,30,84,0,0,30,95,0,20,0,-98
A1XUMT8PKEPRR1,565,90,32,90,27,0,84,30,0,50,95,0,20,-75,-98
A15L6WGIK3VU7N,565,5,32,25,27,6,84,0,0,50,95,0,20,-90,-98
A3POYFULMTNW1H,565,99,32,99,27,99,84,0,0,99,95,0,20,-99,-98
ARQ4J4TLTPBNC,565,100,32,100,27,100,84,0,0,100,95,0,20,-100,-98
A39APWH62XBLR9,563,0,20,50,15,20,48,0,0,30,45,0,0,-30,-42
A1XUURRBT9RYFW,563,5,20,10,15,10,48,0,0,10,45,5,0,-10,-42
A3EKIOVCNYJ9BJ,563,30,20,10,15,10,48,0,0,76,45,0,0,-75,-42
A3TDUHEBFJ53NM,563,0,20,0,15,20,48,0,0,20,45,0,0,50,-42
AHFO0JTF5WO8J,563,40,20,70,15,0,48,0,0,25,45,0,0,-35,-42
A2OY54JKHARPKS,563,0,20,0,15,0,48,0,0,0,45,0,0,0,-42
A1XUMT8PKEPRR1,563,20,20,0,15,0,48,80,0,0,45,50,0,30,-42
A15L6WGIK3VU7N,563,9,20,20,15,5,48,0,0,50,45,0,0,-70,-42
A3POYFULMTNW1H,563,0,20,0,15,50,48,0,0,45,45,20,0,-50,-42
ARQ4J4TLTPBNC,563,100,20,100,15,100,48,0,0,100,45,0,0,-100,-42
A39APWH62XBLR9,574,0,13,0,0,0,33,10,20,10,23,0,16,10,-18
A1XUURRBT9RYFW,574,0,13,0,0,5,33,0,20,0,23,0,16,-2,-18
A3EKIOVCNYJ9BJ,574,0,13,0,0,0,33,0,20,0,23,10,16,0,-18
A3TDUHEBFJ53NM,574,0,13,0,0,0,33,70,20,0,23,20,16,80,-18
AHFO0JTF5WO8J,574,0,13,0,0,0,33,85,20,0,23,0,16,80,-18
A2OY54JKHARPKS,574,0,13,0,0,0,33,0,20,0,23,0,16,0,-18
A1XUMT8PKEPRR1,574,10,13,0,0,0,33,50,20,0,23,0,16,0,-18
A15L6WGIK3VU7N,574,10,13,35,0,5,33,0,20,15,23,10,16,-20,-18
A3POYFULMTNW1H,574,0,13,0,0,0,33,50,20,0,23,0,16,30,-18
ARQ4J4TLTPBNC,574,100,13,100,0,100,33,0,20,100,23,0,16,-100,-18
A39APWH62XBLR9,575,0,0,0,0,0,0,10,75,0,0,0,10,0,81
A1XUURRBT9RYFW,575,0,0,0,0,0,0,0,75,0,0,5,10,5,81
A3EKIOVCNYJ9BJ,575,0,0,0,0,0,0,10,75,0,0,20,10,60,81
A3TDUHEBFJ53NM,575,0,0,0,0,0,0,50,75,0,0,10,10,20,81
AHFO0JTF5WO8J,575,0,0,0,0,0,0,0,75,0,0,0,10,0,81
A2OY54JKHARPKS,575,0,0,0,0,0,0,0,75,0,0,0,10,0,81
A1XUMT8PKEPRR1,575,0,0,0,0,0,0,10,75,0,0,0,10,0,81
A15L6WGIK3VU7N,575,0,0,0,0,0,0,50,75,0,0,20,10,0,81
A3POYFULMTNW1H,575,0,0,0,0,0,0,40,75,0,0,40,10,40,81
ARQ4J4TLTPBNC,575,0,0,0,0,0,0,0,75,0,0,0,10,0,81
A39APWH62XBLR9,562,0,17,0,7,0,28,0,2,0,1,0,2,0,-24
A1XUURRBT9RYFW,562,0,17,0,7,10,28,0,2,0,1,0,2,-5,-24
A3EKIOVCNYJ9BJ,562,10,17,10,7,0,28,0,2,0,1,0,2,-20,-24
A3TDUHEBFJ53NM,562,10,17,10,7,20,28,0,2,10,1,10,2,50,-24
AHFO0JTF5WO8J,562,0,17,0,7,0,28,0,2,0,1,0,2,0,-24
A2OY54JKHARPKS,562,0,17,0,7,0,28,0,2,0,1,0,2,0,-24
A1XUMT8PKEPRR1,562,70,17,50,7,20,28,0,2,20,1,0,2,-50,-24
A15L6WGIK3VU7N,562,0,17,0,7,0,28,0,2,0,1,0,2,0,-24
A3POYFULMTNW1H,562,0,17,0,7,50,28,40,2,0,1,0,2,-40,-24
ARQ4J4TLTPBNC,562,0,17,0,7,0,28,0,2,0,1,0,2,0,-24
A39APWH62XBLR9,573,0,0,0,0,0,0,10,0,0,0,50,14,25,16
A1XUURRBT9RYFW,573,0,0,0,0,0,0,22,0,0,0,5,14,2,16
A3EKIOVCNYJ9BJ,573,0,0,0,0,0,0,0,0,0,0,50,14,0,16
A3TDUHEBFJ53NM,573,0,0,0,0,0,0,50,0,0,0,50,14,50,16
AHFO0JTF5WO8J,573,0,0,0,0,0,0,0,0,0,0,80,14,50,16
A2OY54JKHARPKS,573,0,0,0,0,0,0,0,0,0,0,0,14,0,16
A1XUMT8PKEPRR1,573,50,0,50,0,50,0,0,0,100,0,50,14,-20,16
A15L6WGIK3VU7N,573,0,0,0,0,0,0,0,0,0,0,0,14,0,16
A3POYFULMTNW1H,573,0,0,0,0,0,0,20,0,0,0,0,14,20,16
ARQ4J4TLTPBNC,573,0,0,0,0,0,0,0,0,0,0,0,14,0,16
A3MZF0DGGS6VEY,550,0,4,0,0,0,0,0,33,0,1,0,2,0,29
A1P7VNMICQDNJY,550,0,4,0,0,0,0,0,33,0,1,0,2,0,29
A1A38NLITTAW6C,550,0,4,0,0,0,0,0,33,0,1,0,2,0,29
ARPJ3NYNHTA31,550,0,4,0,0,0,0,0,33,0,1,0,2,0,29
A3HA3UOKO2HTOK,550,0,4,0,0,0,0,0,33,0,1,0,2,0,29
A389Z7A60D4L8I,550,0,4,0,0,0,0,0,33,0,1,0,2,0,29
A3BD4NONKGONRM,550,0,4,0,0,0,0,50,33,0,1,50,2,50,29
A15L6WGIK3VU7N,550,0,4,0,0,0,0,0,33,0,1,0,2,0,29
ARQ4J4TLTPBNC,550,0,4,0,0,0,0,0,33,0,1,0,2,0,29
A2HNP1YL1IBFMU,550,0,4,0,0,0,0,100,33,0,1,0,2,0,29
A3MZF0DGGS6VEY,549,0,55,80,54,0,0,0,0,50,36,0,13,-25,-64
A1P7VNMICQDNJY,549,100,55,100,54,100,0,0,0,100,36,0,13,-100,-64
A1A38NLITTAW6C,549,99,55,99,54,99,0,0,0,100,36,3,13,-100,-64
ARPJ3NYNHTA31,549,100,55,100,54,100,0,0,0,100,36,0,13,-100,-64
A3HA3UOKO2HTOK,549,100,55,100,54,100,0,0,0,100,36,0,13,-100,-64
A389Z7A60D4L8I,549,70,55,80,54,20,0,0,0,80,36,30,13,-70,-64
A3BD4NONKGONRM,549,100,55,100,54,0,0,0,0,100,36,0,13,75,-64
A15L6WGIK3VU7N,549,50,55,70,54,5,0,0,0,45,36,20,13,-90,-64
ARQ4J4TLTPBNC,549,100,55,100,54,100,0,0,0,100,36,0,13,-100,-64
A2HNP1YL1IBFMU,549,60,55,100,54,0,0,0,0,100,36,0,13,-80,-64
A3MZF0DGGS6VEY,559,0,0,0,0,0,0,0,36,0,0,50,24,0,42
A1P7VNMICQDNJY,559,0,0,0,0,0,0,0,36,0,0,0,24,75,42
A1A38NLITTAW6C,559,3,0,0,0,1,0,2,36,1,0,7,24,0,42
ARPJ3NYNHTA31,559,0,0,0,0,0,0,0,36,0,0,0,24,0,42
A3HA3UOKO2HTOK,559,0,0,10,0,0,0,0,36,0,0,0,24,-10,42
A389Z7A60D4L8I,559,0,0,0,0,0,0,0,36,0,0,10,24,0,42
A3BD4NONKGONRM,559,0,0,0,0,0,0,0,36,0,0,0,24,0,42
A15L6WGIK3VU7N,559,0,0,0,0,0,0,0,36,0,0,0,24,0,42
ARQ4J4TLTPBNC,559,0,0,0,0,0,0,0,36,0,0,0,24,0,42
A2HNP1YL1IBFMU,559,0,0,0,0,0,0,20,36,0,0,10,24,50,42
A3MZF0DGGS6VEY,548,0,30,0,13,0,8,0,0,0,2,0,9,0,-44
A1P7VNMICQDNJY,548,0,30,0,13,0,8,0,0,0,2,0,9,0,-44
A1A38NLITTAW6C,548,0,30,0,13,0,8,0,0,0,2,0,9,0,-44
ARPJ3NYNHTA31,548,0,30,0,13,0,8,0,0,0,2,0,9,0,-44
A3HA3UOKO2HTOK,548,0,30,0,13,0,8,0,0,0,2,0,9,0,-44
A389Z7A60D4L8I,548,0,30,0,13,0,8,0,0,0,2,20,9,0,-44
A3BD4NONKGONRM,548,0,30,0,13,0,8,0,0,0,2,0,9,0,-44
A15L6WGIK3VU7N,548,0,30,0,13,0,8,0,0,0,2,0,9,0,-44
ARQ4J4TLTPBNC,548,0,30,0,13,0,8,0,0,0,2,0,9,0,-44
A2HNP1YL1IBFMU,548,10,30,0,13,0,8,0,0,0,2,70,9,-20,-44
A3MZF0DGGS6VEY,558,99,4,75,4,75,6,0,31,25,5,0,12,-25,6
A1P7VNMICQDNJY,558,0,4,0,4,0,6,0,31,0,5,0,12,0,6
A1A38NLITTAW6C,558,4,4,5,4,8,6,0,31,2,5,5,12,0,6
ARPJ3NYNHTA31,558,0,4,0,4,0,6,0,31,0,5,0,12,0,6
A3HA3UOKO2HTOK,558,0,4,0,4,0,6,0,31,0,5,0,12,0,6
A389Z7A60D4L8I,558,0,4,0,4,0,6,0,31,0,5,30,12,10,6
A3BD4NONKGONRM,558,0,4,0,4,0,6,0,31,0,5,0,12,0,6
A15L6WGIK3VU7N,558,0,4,0,4,0,6,10,31,0,5,5,12,20,6
ARQ4J4TLTPBNC,558,0,4,0,4,0,6,0,31,0,5,0,12,0,6
A2HNP1YL1IBFMU,558,0,4,0,4,0,6,90,31,0,5,10,12,80,6
A3MZF0DGGS6VEY,547,0,18,0,19,0,17,0,0,10,53,0,12,-100,-39
A1P7VNMICQDNJY,547,0,18,0,19,0,17,0,0,100,53,0,12,-50,-39
A1A38NLITTAW6C,547,99,18,4,19,5,17,0,0,0,53,0,12,0,-39
ARPJ3NYNHTA31,547,0,18,0,19,0,17,0,0,0,53,0,12,0,-39
A3HA3UOKO2HTOK,547,70,18,70,19,0,17,0,0,0,53,0,12,-70,-39
A389Z7A60D4L8I,547,10,18,10,19,0,17,0,0,70,53,30,12,-30,-39
A3BD4NONKGONRM,547,100,18,100,19,75,17,0,0,100,53,0,12,100,-39
A15L6WGIK3VU7N,547,0,18,5,19,0,17,0,0,20,53,0,12,0,-39
ARQ4J4TLTPBNC,547,0,18,0,19,0,17,0,0,100,53,0,12,-100,-39
A2HNP1YL1IBFMU,547,0,18,0,19,0,17,0,0,100,53,0,12,0,-39
A3MZF0DGGS6VEY,546,0,8,0,0,0,6,0,10,0,20,40,17,0,3
A1P7VNMICQDNJY,546,0,8,0,0,0,6,0,10,0,20,0,17,-60,3
A1A38NLITTAW6C,546,0,8,0,0,0,6,0,10,0,20,0,17,0,3
ARPJ3NYNHTA31,546,0,8,0,0,0,6,0,10,0,20,0,17,0,3
A3HA3UOKO2HTOK,546,0,8,0,0,0,6,0,10,0,20,40,17,-10,3
A389Z7A60D4L8I,546,20,8,30,0,0,6,0,10,30,20,60,17,-100,3
A3BD4NONKGONRM,546,0,8,0,0,0,6,0,10,0,20,0,17,0,3
A15L6WGIK3VU7N,546,0,8,0,0,0,6,0,10,0,20,0,17,0,3
ARQ4J4TLTPBNC,546,0,8,0,0,0,6,0,10,0,20,0,17,0,3
A2HNP1YL1IBFMU,546,0,8,0,0,100,6,0,10,80,20,0,17,-40,3
A3MZF0DGGS6VEY,557,0,47,0,4,60,26,0,0,50,21,0,6,-100,-56
A1P7VNMICQDNJY,557,30,47,30,4,0,26,0,0,30,21,30,6,-50,-56
A1A38NLITTAW6C,557,9,47,10,4,15,26,0,0,65,21,30,6,-30,-56
ARPJ3NYNHTA31,557,50,47,50,4,0,26,0,0,50,21,0,6,-70,-56
A3HA3UOKO2HTOK,557,40,47,55,4,50,26,0,0,30,21,0,6,-50,-56
A389Z7A60D4L8I,557,0,47,0,4,10,26,30,0,30,21,50,6,20,-56
A3BD4NONKGONRM,557,0,47,0,4,0,26,100,0,0,21,0,6,100,-56
A15L6WGIK3VU7N,557,30,47,45,4,10,26,0,0,50,21,20,6,-89,-56
ARQ4J4TLTPBNC,557,100,47,100,4,100,26,0,0,100,21,0,6,-100,-56
A2HNP1YL1IBFMU,557,90,47,80,4,0,26,0,0,100,21,0,6,-80,-56
A3MZF0DGGS6VEY,556,0,0,0,0,0,0,0,65,0,0,10,23,100,67
A1P7VNMICQDNJY,556,0,0,0,0,0,0,0,65,0,0,15,23,30,67
A1A38NLITTAW6C,556,70,0,60,0,0,0,0,65,80,0,95,23,-35,67
ARPJ3NYNHTA31,556,0,0,0,0,0,0,0,65,0,0,0,23,0,67
A3HA3UOKO2HTOK,556,0,0,0,0,0,0,20,65,0,0,0,23,20,67
A389Z7A60D4L8I,556,0,0,0,0,0,0,10,65,0,0,30,23,60,67
A3BD4NONKGONRM,556,0,0,0,0,0,0,0,65,0,0,0,23,0,67
A15L6WGIK3VU7N,556,0,0,0,0,0,0,20,65,0,0,30,23,50,67
ARQ4J4TLTPBNC,556,0,0,0,0,0,0,100,65,0,0,0,23,100,67
A2HNP1YL1IBFMU,556,0,0,0,0,0,0,100,65,0,0,40,23,80,67
A3MZF0DGGS6VEY,545,10,4,50,61,0,30,0,8,0,14,0,5,-100,-30
A1P7VNMICQDNJY,545,100,4,100,61,100,30,0,8,100,14,100,5,-100,-30
A1A38NLITTAW6C,545,87,4,99,61,65,30,0,8,89,14,90,5,-76,-30
ARPJ3NYNHTA31,545,0,4,50,61,0,30,0,8,0,14,0,5,0,-30
A3HA3UOKO2HTOK,545,50,4,70,61,50,30,0,8,0,14,0,5,-50,-30
A389Z7A60D4L8I,545,80,4,80,61,0,30,0,8,60,14,90,5,-80,-30
A3BD4NONKGONRM,545,0,4,100,61,0,30,0,8,100,14,0,5,50,-30
A15L6WGIK3VU7N,545,5,4,65,61,5,30,0,8,40,14,25,5,50,-30
ARQ4J4TLTPBNC,545,100,4,100,61,0,30,0,8,100,14,0,5,-100,-30
A2HNP1YL1IBFMU,545,100,4,100,61,0,30,0,8,40,14,0,5,-20,-30
A3MZF0DGGS6VEY,544,0,17,0,0,0,30,0,2,0,0,0,16,0,-33
A1P7VNMICQDNJY,544,100,17,100,0,70,30,0,2,0,0,0,16,-50,-33
A1A38NLITTAW6C,544,0,17,0,0,0,30,0,2,0,0,0,16,0,-33
ARPJ3NYNHTA31,544,0,17,0,0,0,30,0,2,0,0,0,16,0,-33
A3HA3UOKO2HTOK,544,0,17,0,0,0,30,0,2,0,0,0,16,0,-33
A389Z7A60D4L8I,544,0,17,0,0,0,30,0,2,0,0,30,16,-20,-33
A3BD4NONKGONRM,544,0,17,0,0,0,30,0,2,0,0,0,16,0,-33
A15L6WGIK3VU7N,544,0,17,0,0,0,30,0,2,0,0,0,16,-30,-33
ARQ4J4TLTPBNC,544,0,17,0,0,0,30,0,2,0,0,0,16,0,-33
A2HNP1YL1IBFMU,544,0,17,0,0,0,30,0,2,100,0,0,16,40,-33
A3MZF0DGGS6VEY,555,0,17,0,0,0,0,0,13,0,11,100,20,0,-10
A1P7VNMICQDNJY,555,15,17,0,0,0,0,0,13,0,11,30,20,20,-10
A1A38NLITTAW6C,555,90,17,95,0,30,0,0,13,85,11,99,20,-45,-10
ARPJ3NYNHTA31,555,25,17,25,0,0,0,30,13,0,11,20,20,-50,-10
A3HA3UOKO2HTOK,555,50,17,60,0,0,0,0,13,0,11,0,20,-50,-10
A389Z7A60D4L8I,555,0,17,0,0,0,0,0,13,0,11,90,20,0,-10
A3BD4NONKGONRM,555,0,17,0,0,0,0,0,13,0,11,100,20,50,-10
A15L6WGIK3VU7N,555,0,17,0,0,0,0,0,13,0,11,0,20,0,-10
ARQ4J4TLTPBNC,555,0,17,0,0,0,0,0,13,0,11,0,20,0,-10
A2HNP1YL1IBFMU,555,80,17,0,0,0,0,0,13,80,11,0,20,-40,-10
A3MZF0DGGS6VEY,554,0,15,0,5,0,46,0,0,0,8,50,0,0,-43
A1P7VNMICQDNJY,554,100,15,100,5,100,46,0,0,100,8,50,0,-100,-43
A1A38NLITTAW6C,554,0,15,0,5,0,46,0,0,0,8,0,0,0,-43
ARPJ3NYNHTA31,554,100,15,100,5,50,46,0,0,0,8,0,0,-100,-43
A3HA3UOKO2HTOK,554,70,15,50,5,50,46,0,0,0,8,0,0,-50,-43
A389Z7A60D4L8I,554,30,15,30,5,30,46,0,0,20,8,20,0,-40,-43
A3BD4NONKGONRM,554,100,15,100,5,50,46,0,0,100,8,50,0,75,-43
A15L6WGIK3VU7N,554,20,15,40,5,35,46,0,0,50,8,20,0,6,-43
ARQ4J4TLTPBNC,554,0,15,0,5,0,46,0,0,0,8,0,0,0,-43
A2HNP1YL1IBFMU,554,100,15,80,5,100,46,0,0,100,8,0,0,-100,-43
A3MZF0DGGS6VEY,543,0,24,0,0,0,3,0,48,0,6,0,18,0,29
A1P7VNMICQDNJY,543,0,24,0,0,0,3,0,48,0,6,0,18,0,29
A1A38NLITTAW6C,543,56,24,64,0,2,3,7,48,9,6,89,18,3,29
ARPJ3NYNHTA31,543,0,24,0,0,0,3,0,48,0,6,0,18,0,29
A3HA3UOKO2HTOK,543,0,24,0,0,0,3,40,48,0,6,0,18,40,29
A389Z7A60D4L8I,543,0,24,0,0,0,3,0,48,20,6,50,18,0,29
A3BD4NONKGONRM,543,0,24,0,0,0,3,0,48,0,6,0,18,0,29
A15L6WGIK3VU7N,543,0,24,0,0,0,3,10,48,0,6,0,18,30,29
ARQ4J4TLTPBNC,543,0,24,0,0,0,3,0,48,0,6,0,18,0,29
A2HNP1YL1IBFMU,543,0,24,0,0,0,3,100,48,0,6,0,18,70,29
A3MZF0DGGS6VEY,553,0,0,0,0,0,6,0,0,0,21,10,26,0,-28
A1P7VNMICQDNJY,553,0,0,0,0,0,6,0,0,0,21,0,26,0,-28
A1A38NLITTAW6C,553,10,0,10,0,5,6,0,0,0,21,89,26,-25,-28
ARPJ3NYNHTA31,553,0,0,0,0,0,6,0,0,0,21,0,26,-15,-28
A3HA3UOKO2HTOK,553,20,0,40,0,20,6,0,0,0,21,0,26,-30,-28
A389Z7A60D4L8I,553,0,0,20,0,0,6,0,0,0,21,30,26,-10,-28
A3BD4NONKGONRM,553,0,0,0,0,0,6,0,0,0,21,0,26,0,-28
A15L6WGIK3VU7N,553,0,0,0,0,0,6,0,0,0,21,0,26,0,-28
ARQ4J4TLTPBNC,553,0,0,0,0,0,6,0,0,0,21,0,26,0,-28
A2HNP1YL1IBFMU,553,0,0,0,0,0,6,0,0,0,21,80,26,0,-28
A3MZF0DGGS6VEY,542,0,0,0,0,0,0,0,4,0,8,0,4,0,4
A1P7VNMICQDNJY,542,0,0,0,0,0,0,0,4,0,8,0,4,0,4
A1A38NLITTAW6C,542,0,0,0,0,0,0,0,4,0,8,0,4,0,4
ARPJ3NYNHTA31,542,0,0,0,0,0,0,0,4,0,8,0,4,0,4
A3HA3UOKO2HTOK,542,0,0,0,0,0,0,0,4,0,8,0,4,0,4
A389Z7A60D4L8I,542,0,0,0,0,0,0,0,4,0,8,0,4,0,4
A3BD4NONKGONRM,542,0,0,0,0,0,0,75,4,0,8,0,4,50,4
A15L6WGIK3VU7N,542,0,0,0,0,0,0,0,4,0,8,0,4,0,4
ARQ4J4TLTPBNC,542,0,0,0,0,0,0,0,4,0,8,0,4,0,4
A2HNP1YL1IBFMU,542,0,0,0,0,0,0,0,4,50,8,50,4,-20,4
A3MZF0DGGS6VEY,552,0,1,0,0,0,0,0,7,50,67,0,12,-100,-44
A1P7VNMICQDNJY,552,100,1,0,0,0,0,0,7,100,67,0,12,-50,-44
A1A38NLITTAW6C,552,25,1,15,0,0,0,0,7,75,67,55,12,-1,-44
ARPJ3NYNHTA31,552,0,1,0,0,0,0,0,7,10,67,0,12,-10,-44
A3HA3UOKO2HTOK,552,0,1,0,0,0,0,0,7,80,67,0,12,-40,-44
A389Z7A60D4L8I,552,0,1,0,0,0,0,0,7,40,67,40,12,-30,-44
A3BD4NONKGONRM,552,0,1,0,0,0,0,0,7,50,67,0,12,0,-44
A15L6WGIK3VU7N,552,0,1,0,0,0,0,0,7,50,67,0,12,-60,-44
ARQ4J4TLTPBNC,552,0,1,0,0,0,0,0,7,100,67,0,12,-100,-44
A2HNP1YL1IBFMU,552,0,1,0,0,0,0,0,7,100,67,0,12,0,-44
A3MZF0DGGS6VEY,541,0,11,0,0,0,5,0,6,0,1,0,18,0,-18
A1P7VNMICQDNJY,541,100,11,100,0,0,5,0,6,100,1,50,18,-50,-18
A1A38NLITTAW6C,541,5,11,8,0,0,5,0,6,0,1,76,18,-12,-18
ARPJ3NYNHTA31,541,0,11,0,0,0,5,0,6,0,1,0,18,0,-18
A3HA3UOKO2HTOK,541,30,11,0,0,0,5,0,6,0,1,0,18,-10,-18
A389Z7A60D4L8I,541,0,11,0,0,0,5,0,6,0,1,30,18,0,-18
A3BD4NONKGONRM,541,0,11,0,0,0,5,0,6,0,1,0,18,0,-18
A15L6WGIK3VU7N,541,5,11,20,0,0,5,0,6,25,1,35,18,-35,-18
ARQ4J4TLTPBNC,541,0,11,0,0,0,5,0,6,0,1,0,18,0,-18
A2HNP1YL1IBFMU,541,100,11,0,0,0,5,0,6,0,1,0,18,-40,-18
A3MZF0DGGS6VEY,540,0,0,0,0,0,0,0,63,0,0,0,0,100,60
A1P7VNMICQDNJY,540,0,0,0,0,0,0,0,63,0,0,0,0,0,60
A1A38NLITTAW6C,540,0,0,67,0,0,0,0,63,0,0,0,0,0,60
ARPJ3NYNHTA31,540,0,0,0,0,0,0,0,63,0,0,0,0,0,60
A3HA3UOKO2HTOK,540,0,0,0,0,0,0,0,63,0,0,0,0,0,60
A389Z7A60D4L8I,540,0,0,0,0,0,0,0,63,0,0,0,0,0,60
A3BD4NONKGONRM,540,0,0,0,0,0,0,0,63,0,0,0,0,0,60
A15L6WGIK3VU7N,540,0,0,0,0,0,0,0,63,0,0,0,0,0,60
ARQ4J4TLTPBNC,540,0,0,0,0,0,0,0,63,0,0,0,0,0,60
A2HNP1YL1IBFMU,540,0,0,0,0,0,0,100,63,0,0,0,0,70,60
A3MZF0DGGS6VEY,551,10,3,0,9,10,82,0,0,0,60,0,0,-25,-83
A1P7VNMICQDNJY,551,0,3,0,9,40,82,0,0,40,60,0,0,-25,-83
A1A38NLITTAW6C,551,80,3,0,9,45,82,0,0,99,60,50,0,-79,-83
ARPJ3NYNHTA31,551,0,3,0,9,30,82,0,0,0,60,0,0,-30,-83
A3HA3UOKO2HTOK,551,0,3,0,9,40,82,0,0,40,60,0,0,-40,-83
A389Z7A60D4L8I,551,0,3,0,9,20,82,0,0,70,60,20,0,-40,-83
A3BD4NONKGONRM,551,100,3,100,9,0,82,0,0,50,60,0,0,50,-83
A15L6WGIK3VU7N,551,0,3,0,9,50,82,0,0,65,60,20,0,-50,-83
ARQ4J4TLTPBNC,551,0,3,0,9,0,82,0,0,100,60,0,0,-100,-83
A2HNP1YL1IBFMU,551,50,3,80,9,100,82,0,0,20,60,0,0,-40,-83
A18WNE09USHJSG,529,0,0,10,0,0,0,10,2,10,0,60,36,25,27
AHFO0JTF5WO8J,529,0,0,0,0,0,0,50,2,0,0,75,36,0,27
ALHOGP0VKKGM3,529,32,0,45,0,69,0,87,2,45,0,61,36,25,27
AMJY7CKRBEI2A,529,0,0,10,0,0,0,0,2,20,0,0,36,20,27
A2LRADB3KFT2AO,529,0,0,0,0,0,0,0,2,15,0,5,36,0,27
A15L6WGIK3VU7N,529,0,0,0,0,0,0,0,2,0,0,0,36,0,27
A8ERQT8X2HQPK,529,0,0,0,0,20,0,0,2,0,0,0,36,-25,27
ARQ4J4TLTPBNC,529,0,0,0,0,0,0,0,2,0,0,0,36,0,27
A1DCEOFAUIDY58,529,0,0,0,0,10,0,85,2,12,0,82,36,95,27
AZ209ZYWRSIUG,529,0,0,0,0,0,0,0,2,0,0,20,36,0,27
A18WNE09USHJSG,539,20,40,75,8,10,0,0,7,10,26,10,36,-60,-32
AHFO0JTF5WO8J,539,60,40,30,8,20,0,0,7,20,26,0,36,-50,-32
ALHOGP0VKKGM3,539,0,40,0,8,0,0,0,7,0,26,0,36,-12,-32
AMJY7CKRBEI2A,539,75,40,75,8,20,0,0,7,0,26,20,36,-70,-32
A2LRADB3KFT2AO,539,50,40,50,8,75,0,0,7,75,26,25,36,-50,-32
A15L6WGIK3VU7N,539,0,40,0,8,0,0,0,7,0,26,10,36,0,-32
A8ERQT8X2HQPK,539,10,40,0,8,0,0,0,7,20,26,0,36,-10,-32
ARQ4J4TLTPBNC,539,100,40,100,8,0,0,0,7,100,26,0,36,-100,-32
A1DCEOFAUIDY58,539,40,40,10,8,0,0,0,7,0,26,0,36,0,-32
AZ209ZYWRSIUG,539,0,40,0,8,0,0,0,7,0,26,0,36,0,-32
A18WNE09USHJSG,528,75,46,100,64,25,0,0,42,75,31,65,27,-75,13
AHFO0JTF5WO8J,528,60,46,100,64,40,0,0,42,65,31,80,27,-50,13
ALHOGP0VKKGM3,528,46,46,98,64,16,0,65,42,45,31,23,27,0,13
AMJY7CKRBEI2A,528,75,46,100,64,0,0,0,42,100,31,0,27,90,13
A2LRADB3KFT2AO,528,0,46,0,64,0,0,45,42,20,31,0,27,25,13
A15L6WGIK3VU7N,528,10,46,35,64,0,0,40,42,0,31,25,27,50,13
A8ERQT8X2HQPK,528,25,46,100,64,50,0,0,42,0,31,0,27,-75,13
ARQ4J4TLTPBNC,528,100,46,100,64,100,0,0,42,100,31,0,27,-100,13
A1DCEOFAUIDY58,528,90,46,100,64,100,0,85,42,85,31,90,27,0,13
AZ209ZYWRSIUG,528,80,46,80,64,10,0,0,42,100,31,0,27,-80,13
A18WNE09USHJSG,538,0,0,25,0,0,0,25,15,0,0,25,12,66,27
AHFO0JTF5WO8J,538,0,0,0,0,0,0,10,15,0,0,20,12,0,27
ALHOGP0VKKGM3,538,0,0,0,0,0,0,0,15,0,0,0,12,0,27
AMJY7CKRBEI2A,538,0,0,0,0,0,0,0,15,0,0,0,12,0,27
A2LRADB3KFT2AO,538,0,0,0,0,0,0,0,15,0,0,0,12,0,27
A15L6WGIK3VU7N,538,0,0,0,0,0,0,0,15,0,0,14,12,0,27
A8ERQT8X2HQPK,538,0,0,0,0,0,0,0,15,0,0,20,12,20,27
ARQ4J4TLTPBNC,538,0,0,0,0,0,0,0,15,0,0,0,12,0,27
A1DCEOFAUIDY58,538,0,0,0,0,0,0,10,15,0,0,10,12,90,27
AZ209ZYWRSIUG,538,0,0,0,0,0,0,0,15,0,0,0,12,0,27
A18WNE09USHJSG,537,60,14,75,10,0,24,0,2,10,3,0,21,-25,-44
AHFO0JTF5WO8J,537,0,14,30,10,0,24,0,2,0,3,60,21,0,-44
ALHOGP0VKKGM3,537,15,14,0,10,0,24,0,2,0,3,0,21,-20,-44
AMJY7CKRBEI2A,537,20,14,20,10,0,24,0,2,0,3,30,21,-20,-44
A2LRADB3KFT2AO,537,20,14,20,10,0,24,0,2,15,3,0,21,-20,-44
A15L6WGIK3VU7N,537,5,14,13,10,0,24,0,2,0,3,10,21,-5,-44
A8ERQT8X2HQPK,537,0,14,30,10,0,24,0,2,0,3,0,21,-5,-44
ARQ4J4TLTPBNC,537,0,14,0,10,0,24,0,2,0,3,0,21,0,-44
A1DCEOFAUIDY58,537,20,14,30,10,0,24,0,2,0,3,10,21,-10,-44
AZ209ZYWRSIUG,537,80,14,80,10,0,24,0,2,20,3,0,21,-80,-44
A18WNE09USHJSG,527,0,2,45,13,25,0,0,2,15,17,15,33,-25,-13
AHFO0JTF5WO8J,527,0,2,0,13,0,0,0,2,0,17,50,33,0,-13
ALHOGP0VKKGM3,527,100,2,12,13,5,0,8,2,9,17,4,33,-5,-13
AMJY7CKRBEI2A,527,0,2,0,13,0,0,0,2,0,17,30,33,30,-13
A2LRADB3KFT2AO,527,0,2,0,13,0,0,0,2,0,17,0,33,0,-13
A15L6WGIK3VU7N,527,0,2,0,13,0,0,0,2,0,17,25,33,0,-13
A8ERQT8X2HQPK,527,0,2,10,13,0,0,0,2,0,17,0,33,0,-13
ARQ4J4TLTPBNC,527,0,2,0,13,0,0,0,2,0,17,0,33,0,-13
A1DCEOFAUIDY58,527,0,2,10,13,0,0,0,2,0,17,35,33,0,-13
AZ209ZYWRSIUG,527,0,2,0,13,0,0,20,2,0,17,20,33,20,-13
A18WNE09USHJSG,536,0,11,0,0,0,0,15,0,0,40,25,22,0,-46
AHFO0JTF5WO8J,536,0,11,0,0,0,0,0,0,0,40,25,22,0,-46
ALHOGP0VKKGM3,536,2,11,0,0,3,0,0,0,1,40,0,22,0,-46
AMJY7CKRBEI2A,536,0,11,0,0,0,0,0,0,0,40,10,22,-10,-46
A2LRADB3KFT2AO,536,0,11,0,0,0,0,0,0,0,40,25,22,0,-46
A15L6WGIK3VU7N,536,0,11,0,0,0,0,0,0,0,40,0,22,0,-46
A8ERQT8X2HQPK,536,0,11,0,0,0,0,0,0,0,40,0,22,0,-46
ARQ4J4TLTPBNC,536,0,11,0,0,0,0,0,0,0,40,0,22,0,-46
A1DCEOFAUIDY58,536,0,11,0,0,0,0,0,0,10,40,10,22,0,-46
AZ209ZYWRSIUG,536,0,11,0,0,0,0,0,0,0,40,0,22,0,-46
A18WNE09USHJSG,526,20,0,20,0,10,0,10,60,10,3,10,16,10,55
AHFO0JTF5WO8J,526,0,0,0,0,0,0,60,60,0,3,20,16,65,55
ALHOGP0VKKGM3,526,64,0,23,0,5,0,4,60,1,3,66,16,54,55
AMJY7CKRBEI2A,526,0,0,0,0,0,0,20,60,0,3,10,16,15,55
A2LRADB3KFT2AO,526,0,0,0,0,0,0,20,60,0,3,25,16,18,55
A15L6WGIK3VU7N,526,0,0,0,0,0,0,20,60,0,3,0,16,30,55
A8ERQT8X2HQPK,526,0,0,0,0,25,0,5,60,0,3,5,16,15,55
ARQ4J4TLTPBNC,526,0,0,0,0,0,0,0,60,0,3,0,16,0,55
A1DCEOFAUIDY58,526,0,0,0,0,0,0,20,60,0,3,55,16,80,55
AZ209ZYWRSIUG,526,0,0,0,0,0,0,20,60,0,3,20,16,20,55
A18WNE09USHJSG,535,50,0,50,0,25,3,50,55,25,0,50,56,0,45
AHFO0JTF5WO8J,535,0,0,0,0,0,3,70,55,0,0,70,56,80,45
ALHOGP0VKKGM3,535,5,0,0,0,0,3,20,55,0,0,0,56,0,45
AMJY7CKRBEI2A,535,0,0,0,0,0,3,60,55,0,0,20,56,50,45
A2LRADB3KFT2AO,535,0,0,0,0,0,3,75,55,0,0,0,56,75,45
A15L6WGIK3VU7N,535,0,0,0,0,0,3,5,55,0,0,5,56,15,45
A8ERQT8X2HQPK,535,0,0,0,0,0,3,30,55,0,0,30,56,50,45
ARQ4J4TLTPBNC,535,0,0,0,0,0,3,100,55,0,0,0,56,100,45
A1DCEOFAUIDY58,535,0,0,0,0,0,3,100,55,0,0,100,56,100,45
AZ209ZYWRSIUG,535,0,0,0,0,0,3,40,55,0,0,20,56,40,45
A18WNE09USHJSG,525,0,0,0,10,0,0,15,18,0,2,25,26,50,23
AHFO0JTF5WO8J,525,0,0,0,10,0,0,0,18,0,2,20,26,0,23
ALHOGP0VKKGM3,525,46,0,31,10,45,0,4,18,65,2,1,26,3,23
AMJY7CKRBEI2A,525,0,0,0,10,0,0,10,18,0,2,0,26,10,23
A2LRADB3KFT2AO,525,0,0,0,10,0,0,0,18,0,2,0,26,0,23
A15L6WGIK3VU7N,525,0,0,0,10,0,0,0,18,0,2,0,26,0,23
A8ERQT8X2HQPK,525,0,0,0,10,0,0,0,18,0,2,10,26,0,23
ARQ4J4TLTPBNC,525,0,0,0,10,0,0,0,18,0,2,0,26,0,23
A1DCEOFAUIDY58,525,0,0,0,10,0,0,10,18,0,2,75,26,0,23
AZ209ZYWRSIUG,525,0,0,0,10,0,0,0,18,0,2,0,26,0,23
A18WNE09USHJSG,524,0,2,0,0,0,0,25,50,0,0,35,9,25,50
AHFO0JTF5WO8J,524,0,2,0,0,0,0,0,50,0,0,0,9,0,50
ALHOGP0VKKGM3,524,86,2,15,0,45,0,65,50,12,0,32,9,0,50
AMJY7CKRBEI2A,524,0,2,0,0,0,0,30,50,0,0,0,9,40,50
A2LRADB3KFT2AO,524,0,2,0,0,0,0,0,50,0,0,0,9,0,50
A15L6WGIK3VU7N,524,0,2,0,0,0,0,0,50,0,0,0,9,0,50
A8ERQT8X2HQPK,524,0,2,0,0,0,0,0,50,0,0,0,9,0,50
ARQ4J4TLTPBNC,524,0,2,0,0,0,0,0,50,0,0,0,9,0,50
A1DCEOFAUIDY58,524,0,2,0,0,0,0,0,50,0,0,10,9,0,50
AZ209ZYWRSIUG,524,0,2,0,0,0,0,0,50,0,0,0,9,0,50
A18WNE09USHJSG,534,0,0,0,0,0,0,10,68,0,0,25,13,50,62
AHFO0JTF5WO8J,534,0,0,0,0,0,0,65,68,0,0,75,13,50,62
ALHOGP0VKKGM3,534,60,0,60,0,60,0,0,68,60,0,60,13,-60,62
AMJY7CKRBEI2A,534,0,0,0,0,0,0,30,68,0,0,10,13,80,62
A2LRADB3KFT2AO,534,0,0,0,0,0,0,0,68,0,0,0,13,0,62
A15L6WGIK3VU7N,534,0,0,0,0,0,0,0,68,0,0,0,13,0,62
A8ERQT8X2HQPK,534,0,0,0,0,0,0,0,68,0,0,20,13,0,62
ARQ4J4TLTPBNC,534,0,0,0,0,0,0,0,68,0,0,0,13,0,62
A1DCEOFAUIDY58,534,0,0,0,0,0,0,90,68,0,0,90,13,100,62
AZ209ZYWRSIUG,534,0,0,0,0,0,0,0,68,0,0,0,13,0,62
A18WNE09USHJSG,523,15,7,45,8,0,0,0,0,15,0,15,2,-25,-10
AHFO0JTF5WO8J,523,0,7,0,8,0,0,0,0,0,0,25,2,0,-10
ALHOGP0VKKGM3,523,45,7,65,8,89,0,65,0,12,0,3,2,1,-10
AMJY7CKRBEI2A,523,10,7,10,8,0,0,0,0,0,0,0,2,-10,-10
A2LRADB3KFT2AO,523,15,7,0,8,0,0,0,0,0,0,0,2,-20,-10
A15L6WGIK3VU7N,523,0,7,0,8,0,0,0,0,0,0,0,2,0,-10
A8ERQT8X2HQPK,523,0,7,0,8,0,0,0,0,0,0,0,2,0,-10
ARQ4J4TLTPBNC,523,0,7,0,8,0,0,0,0,0,0,0,2,0,-10
A1DCEOFAUIDY58,523,0,7,0,8,0,0,0,0,0,0,0,2,-10,-10
AZ209ZYWRSIUG,523,0,7,0,8,0,0,0,0,0,0,0,2,0,-10
A18WNE09USHJSG,533,60,25,20,32,20,45,10,11,25,28,40,43,-45,-29
AHFO0JTF5WO8J,533,0,25,40,32,0,45,30,11,50,28,85,43,50,-29
ALHOGP0VKKGM3,533,0,25,12,32,16,45,64,11,15,28,84,43,-12,-29
AMJY7CKRBEI2A,533,20,25,20,32,0,45,0,11,0,28,20,43,20,-29
A2LRADB3KFT2AO,533,25,25,25,32,0,45,0,11,0,28,0,43,-25,-29
A15L6WGIK3VU7N,533,0,25,0,32,0,45,0,11,0,28,20,43,-10,-29
A8ERQT8X2HQPK,533,0,25,10,32,0,45,0,11,0,28,0,43,-5,-29
ARQ4J4TLTPBNC,533,0,25,0,32,0,45,0,11,0,28,0,43,0,-29
A1DCEOFAUIDY58,533,20,25,20,32,0,45,10,11,0,28,80,43,0,-29
AZ209ZYWRSIUG,533,20,25,20,32,0,45,0,11,0,28,0,43,-20,-29
A18WNE09USHJSG,522,25,51,45,7,0,0,0,0,15,3,45,27,-25,-46
AHFO0JTF5WO8J,522,70,51,50,7,0,0,0,0,0,3,10,27,-50,-46
ALHOGP0VKKGM3,522,15,51,64,7,4,0,6,0,89,3,51,27,2,-46
AMJY7CKRBEI2A,522,0,51,10,7,0,0,0,0,0,3,0,27,-20,-46
A2LRADB3KFT2AO,522,8,51,15,7,0,0,0,0,0,3,0,27,-18,-46
A15L6WGIK3VU7N,522,0,51,20,7,0,0,0,0,0,3,10,27,-40,-46
A8ERQT8X2HQPK,522,0,51,25,7,0,0,0,0,0,3,0,27,-5,-46
ARQ4J4TLTPBNC,522,0,51,0,7,0,0,0,0,0,3,0,27,0,-46
A1DCEOFAUIDY58,522,0,51,25,7,0,0,10,0,10,3,85,27,-25,-46
AZ209ZYWRSIUG,522,0,51,20,7,0,0,0,0,0,3,0,27,-10,-46
A18WNE09USHJSG,521,75,19,45,1,25,1,0,19,25,9,45,21,-45,-2
AHFO0JTF5WO8J,521,80,19,80,1,50,1,0,19,50,9,0,21,-90,-2
ALHOGP0VKKGM3,521,13,19,65,1,48,1,91,19,19,9,5,21,1,-2
AMJY7CKRBEI2A,521,20,19,20,1,0,1,0,19,0,9,0,21,-20,-2
A2LRADB3KFT2AO,521,30,19,30,1,15,1,30,19,50,9,0,21,-25,-2
A15L6WGIK3VU7N,521,0,19,0,1,0,1,35,19,0,9,0,21,40,-2
A8ERQT8X2HQPK,521,0,19,0,1,0,1,30,19,0,9,30,21,50,-2
ARQ4J4TLTPBNC,521,0,19,0,1,0,1,0,19,0,9,0,21,0,-2
A1DCEOFAUIDY58,521,50,19,80,1,10,1,0,19,20,9,30,21,-100,-2
AZ209ZYWRSIUG,521,0,19,0,1,0,1,100,19,0,9,40,21,100,-2
A18WNE09USHJSG,532,0,0,0,0,0,0,45,31,0,0,10,8,25,38
AHFO0JTF5WO8J,532,0,0,0,0,0,0,80,31,0,0,55,8,90,38
ALHOGP0VKKGM3,532,3,0,54,0,12,0,36,31,54,0,12,8,3,38
AMJY7CKRBEI2A,532,0,0,0,0,0,0,0,31,0,0,0,8,0,38
A2LRADB3KFT2AO,532,20,0,20,0,20,0,0,31,20,0,0,8,-20,38
A15L6WGIK3VU7N,532,0,0,0,0,0,0,5,31,0,0,0,8,10,38
A8ERQT8X2HQPK,532,0,0,0,0,0,0,0,31,0,0,0,8,0,38
ARQ4J4TLTPBNC,532,0,0,0,0,0,0,0,31,0,0,0,8,0,38
A1DCEOFAUIDY58,532,0,0,0,0,0,0,50,31,0,0,50,8,70,38
AZ209ZYWRSIUG,532,0,0,0,0,0,0,0,31,0,0,0,8,0,38
A18WNE09USHJSG,520,0,2,15,2,0,0,0,0,15,0,15,10,-15,-2
AHFO0JTF5WO8J,520,0,2,0,2,0,0,0,0,0,0,0,10,0,-2
ALHOGP0VKKGM3,520,1,2,3,2,6,0,4,0,89,0,6,10,1,-2
AMJY7CKRBEI2A,520,0,2,0,2,0,0,0,0,0,0,0,10,0,-2
A2LRADB3KFT2AO,520,0,2,0,2,0,0,0,0,0,0,0,10,0,-2
A15L6WGIK3VU7N,520,0,2,0,2,0,0,0,0,0,0,0,10,0,-2
A8ERQT8X2HQPK,520,0,2,0,2,0,0,0,0,0,0,0,10,0,-2
ARQ4J4TLTPBNC,520,0,2,0,2,0,0,0,0,0,0,0,10,0,-2
A1DCEOFAUIDY58,520,10,2,0,2,0,0,0,0,0,0,25,10,0,-2
AZ209ZYWRSIUG,520,0,2,0,2,0,0,0,0,0,0,0,10,0,-2
A18WNE09USHJSG,531,25,0,25,8,0,0,0,5,25,0,40,49,-75,2
AHFO0JTF5WO8J,531,0,0,0,8,0,0,0,5,0,0,50,49,0,2
ALHOGP0VKKGM3,531,15,0,36,8,45,0,32,5,12,0,42,49,-10,2
AMJY7CKRBEI2A,531,20,0,20,8,0,0,0,5,0,0,20,49,-20,2
A2LRADB3KFT2AO,531,15,0,15,8,0,0,0,5,10,0,25,49,-30,2
A15L6WGIK3VU7N,531,0,0,0,8,0,0,0,5,0,0,0,49,0,2
A8ERQT8X2HQPK,531,0,0,0,8,5,0,0,5,0,0,5,49,10,2
ARQ4J4TLTPBNC,531,0,0,0,8,0,0,0,5,0,0,0,49,0,2
A1DCEOFAUIDY58,531,0,0,0,8,60,0,0,5,70,0,10,49,-10,2
AZ209ZYWRSIUG,531,0,0,0,8,0,0,0,5,0,0,0,49,0,2
A18WNE09USHJSG,530,0,0,0,0,0,0,25,40,15,8,45,17,45,36
AHFO0JTF5WO8J,530,0,0,0,0,0,0,50,40,0,8,0,17,0,36
ALHOGP0VKKGM3,530,12,0,32,0,45,0,12,40,6,8,32,17,1,36
AMJY7CKRBEI2A,530,0,0,0,0,0,0,0,40,0,8,10,17,15,36
A2LRADB3KFT2AO,530,15,0,0,0,0,0,10,40,10,8,10,17,20,36
A15L6WGIK3VU7N,530,0,0,0,0,0,0,20,40,0,8,30,17,25,36
A8ERQT8X2HQPK,530,0,0,0,0,0,0,20,40,0,8,5,17,10,36
ARQ4J4TLTPBNC,530,0,0,0,0,0,0,0,40,0,8,0,17,0,36
A1DCEOFAUIDY58,530,0,0,0,0,0,0,75,40,0,8,84,17,85,36
AZ209ZYWRSIUG,530,0,0,0,0,0,0,0,40,0,8,0,17,0,36
A2NCIFVGIZESDF,507,0,10,0,0,0,9,0,22,0,36,0,3,0,-9
A1757CYJKBGLV2,507,0,10,0,0,0,9,40,22,30,36,50,3,10,-9
A2OY54JKHARPKS,507,0,10,0,0,0,9,0,22,0,36,0,3,0,-9
A1ZGDXSHUPEQD9,507,0,10,0,0,0,9,0,22,10,36,0,3,0,-9
A1Q5GERIWS0YJR,507,0,10,0,0,0,9,0,22,0,36,0,3,0,-9
A3POYFULMTNW1H,507,0,10,0,0,0,9,0,22,99,36,0,3,-50,-9
ARQ4J4TLTPBNC,507,0,10,0,0,0,9,0,22,100,36,0,3,-100,-9
A15MN5MDG4D7Q9,507,20,10,0,0,0,9,20,22,20,36,0,3,20,-9
AS51Z6DBWM9JM,507,0,10,0,0,0,9,10,22,10,36,0,3,30,-9
AZ209ZYWRSIUG,507,0,10,0,0,0,9,0,22,0,36,0,3,0,-9
A2NCIFVGIZESDF,518,20,14,10,2,10,47,0,0,85,86,0,10,-100,-86
A1757CYJKBGLV2,518,80,14,0,2,50,47,0,0,90,86,90,10,-50,-86
A2OY54JKHARPKS,518,10,14,0,2,30,47,0,0,30,86,0,10,0,-86
A1ZGDXSHUPEQD9,518,0,14,0,2,0,47,0,0,50,86,0,10,25,-86
A1Q5GERIWS0YJR,518,50,14,20,2,10,47,0,0,90,86,0,10,-100,-86
A3POYFULMTNW1H,518,80,14,80,2,40,47,0,0,99,86,0,10,-90,-86
ARQ4J4TLTPBNC,518,0,14,100,2,0,47,0,0,100,86,0,10,-100,-86
A15MN5MDG4D7Q9,518,0,14,0,2,0,47,0,0,30,86,0,10,-30,-86
AS51Z6DBWM9JM,518,63,14,0,2,10,47,0,0,89,86,0,10,85,-86
AZ209ZYWRSIUG,518,0,14,60,2,10,47,0,0,60,86,0,10,-60,-86
A2NCIFVGIZESDF,517,0,8,0,0,20,8,0,53,23,13,20,25,0,38
A1757CYJKBGLV2,517,0,8,0,0,20,8,50,53,10,13,50,25,10,38
A2OY54JKHARPKS,517,0,8,0,0,0,8,0,53,2,13,15,25,0,38
A1ZGDXSHUPEQD9,517,0,8,0,0,0,8,0,53,0,13,0,25,0,38
A1Q5GERIWS0YJR,517,60,8,60,0,10,8,0,53,90,13,0,25,20,38
A3POYFULMTNW1H,517,0,8,0,0,0,8,60,53,0,13,20,25,70,38
ARQ4J4TLTPBNC,517,0,8,0,0,0,8,0,53,0,13,0,25,0,38
A15MN5MDG4D7Q9,517,0,8,0,0,0,8,30,53,0,13,5,25,20,38
AS51Z6DBWM9JM,517,40,8,0,0,30,8,0,53,0,13,0,25,80,38
AZ209ZYWRSIUG,517,0,8,0,0,0,8,100,53,0,13,60,25,80,38
A2NCIFVGIZESDF,506,0,0,0,0,0,0,0,0,0,0,35,53,0,14
A1757CYJKBGLV2,506,0,0,0,0,0,0,20,0,0,0,40,53,0,14
A2OY54JKHARPKS,506,0,0,0,0,0,0,0,0,0,0,0,53,0,14
A1ZGDXSHUPEQD9,506,0,0,0,0,0,0,0,0,0,0,0,53,0,14
A1Q5GERIWS0YJR,506,0,0,0,0,0,0,0,0,0,0,0,53,0,14
A3POYFULMTNW1H,506,0,0,0,0,0,0,40,0,0,0,0,53,40,14
ARQ4J4TLTPBNC,506,0,0,0,0,0,0,0,0,0,0,0,53,0,14
A15MN5MDG4D7Q9,506,12,0,15,0,0,0,0,0,20,0,20,53,-30,14
AS51Z6DBWM9JM,506,0,0,0,0,0,0,0,0,0,0,0,53,0,14
AZ209ZYWRSIUG,506,0,0,0,0,0,0,0,0,0,0,0,53,0,14
A2NCIFVGIZESDF,504,15,1,0,0,40,23,0,8,50,11,30,8,0,-6
A1757CYJKBGLV2,504,90,1,90,0,90,23,0,8,90,11,90,8,-90,-6
A2OY54JKHARPKS,504,21,1,31,0,51,23,0,8,50,11,20,8,0,-6
A1ZGDXSHUPEQD9,504,0,1,0,0,0,23,0,8,0,11,0,8,0,-6
A1Q5GERIWS0YJR,504,0,1,0,0,0,23,0,8,0,11,0,8,0,-6
A3POYFULMTNW1H,504,0,1,0,0,99,23,0,8,80,11,0,8,-80,-6
ARQ4J4TLTPBNC,504,0,1,0,0,0,23,0,8,0,11,0,8,0,-6
A15MN5MDG4D7Q9,504,0,1,0,0,0,23,0,8,0,11,0,8,0,-6
AS51Z6DBWM9JM,504,0,1,0,0,56,23,0,8,15,11,0,8,-10,-6
AZ209ZYWRSIUG,504,0,1,0,0,0,23,0,8,0,11,0,8,0,-6
A2NCIFVGIZESDF,516,50,0,20,0,0,0,0,17,30,0,40,19,20,14
A1757CYJKBGLV2,516,0,0,0,0,0,0,80,17,20,0,30,19,80,14
A2OY54JKHARPKS,516,0,0,0,0,0,0,0,17,0,0,0,19,0,14
A1ZGDXSHUPEQD9,516,0,0,0,0,0,0,0,17,0,0,0,19,0,14
A1Q5GERIWS0YJR,516,0,0,0,0,0,0,10,17,90,0,40,19,30,14
A3POYFULMTNW1H,516,0,0,0,0,0,0,99,17,80,0,0,19,90,14
ARQ4J4TLTPBNC,516,0,0,0,0,0,0,100,17,100,0,0,19,100,14
A15MN5MDG4D7Q9,516,0,0,0,0,0,0,50,17,0,0,10,19,40,14
AS51Z6DBWM9JM,516,20,0,25,0,0,0,0,17,31,0,0,19,45,14
AZ209ZYWRSIUG,516,0,0,0,0,0,0,0,17,0,0,0,19,0,14
A2NCIFVGIZESDF,505,30,8,10,0,25,28,0,0,80,57,40,7,-80,-67
A1757CYJKBGLV2,505,90,8,90,0,90,28,0,0,100,57,100,7,-100,-67
A2OY54JKHARPKS,505,30,8,30,0,30,28,0,0,30,57,50,7,0,-67
A1ZGDXSHUPEQD9,505,0,8,0,0,0,28,0,0,20,57,0,7,0,-67
A1Q5GERIWS0YJR,505,0,8,0,0,0,28,0,0,10,57,10,7,-10,-67
A3POYFULMTNW1H,505,30,8,0,0,30,28,0,0,99,57,0,7,-60,-67
ARQ4J4TLTPBNC,505,0,8,0,0,0,28,0,0,100,57,0,7,-100,-67
A15MN5MDG4D7Q9,505,20,8,15,0,15,28,0,0,40,57,30,7,-30,-67
AS51Z6DBWM9JM,505,25,8,0,0,0,28,0,0,78,57,0,7,-20,-67
AZ209ZYWRSIUG,505,0,8,0,0,20,28,0,0,60,57,0,7,-40,-67
A2NCIFVGIZESDF,514,40,9,35,17,40,2,0,0,40,4,50,33,-70,-23
A1757CYJKBGLV2,514,30,9,10,17,70,2,10,0,20,4,90,33,10,-23
A2OY54JKHARPKS,514,0,9,0,17,0,2,0,0,0,4,0,33,0,-23
A1ZGDXSHUPEQD9,514,0,9,0,17,0,2,0,0,0,4,0,33,0,-23
A1Q5GERIWS0YJR,514,10,9,10,17,0,2,0,0,0,4,10,33,0,-23
A3POYFULMTNW1H,514,70,9,0,17,0,2,0,0,30,4,0,33,-80,-23
ARQ4J4TLTPBNC,514,100,9,100,17,0,2,0,0,100,4,0,33,-100,-23
A15MN5MDG4D7Q9,514,10,9,20,17,10,2,0,0,20,4,10,33,-10,-23
AS51Z6DBWM9JM,514,25,9,0,17,0,2,0,0,0,4,0,33,38,-23
AZ209ZYWRSIUG,514,60,9,60,17,20,2,0,0,20,4,0,33,-50,-23
A2NCIFVGIZESDF,503,0,0,0,0,0,0,30,46,0,0,10,31,0,40
A1757CYJKBGLV2,503,0,0,0,0,0,0,80,46,0,0,90,31,60,40
A2OY54JKHARPKS,503,0,0,0,0,0,0,0,46,0,0,0,31,0,40
A1ZGDXSHUPEQD9,503,0,0,0,0,0,0,0,46,0,0,0,31,0,40
A1Q5GERIWS0YJR,503,0,0,0,0,0,0,0,46,0,0,0,31,0,40
A3POYFULMTNW1H,503,0,0,0,0,0,0,30,46,0,0,0,31,30,40
ARQ4J4TLTPBNC,503,0,0,0,0,0,0,0,46,0,0,0,31,0,40
A15MN5MDG4D7Q9,503,0,0,10,0,0,0,0,46,10,0,0,31,-10,40
AS51Z6DBWM9JM,503,0,0,0,0,0,0,0,46,0,0,0,31,0,40
AZ209ZYWRSIUG,503,0,0,0,0,0,0,0,46,0,0,0,31,0,40
A2NCIFVGIZESDF,515,0,0,0,0,0,0,0,56,0,0,30,37,0,63
A1757CYJKBGLV2,515,0,0,0,0,0,0,50,56,0,0,80,37,60,63
A2OY54JKHARPKS,515,0,0,0,0,0,0,0,56,0,0,5,37,0,63
A1ZGDXSHUPEQD9,515,0,0,0,0,0,0,0,56,0,0,25,37,0,63
A1Q5GERIWS0YJR,515,0,0,0,0,0,0,0,56,0,0,0,37,0,63
A3POYFULMTNW1H,515,0,0,0,0,0,0,50,56,0,0,0,37,50,63
ARQ4J4TLTPBNC,515,0,0,0,0,0,0,0,56,0,0,0,37,0,63
A15MN5MDG4D7Q9,515,20,0,30,0,0,0,0,56,20,0,20,37,-30,63
AS51Z6DBWM9JM,515,0,0,0,0,0,0,10,56,0,0,0,37,5,63
AZ209ZYWRSIUG,515,0,0,0,0,0,0,0,56,0,0,0,37,0,63
A2NCIFVGIZESDF,502,0,0,0,0,0,0,0,17,0,0,0,4,0,26
A1757CYJKBGLV2,502,0,0,0,0,0,0,0,17,0,0,80,4,0,26
A2OY54JKHARPKS,502,0,0,0,0,0,0,0,17,0,0,0,4,0,26
A1ZGDXSHUPEQD9,502,0,0,0,0,0,0,0,17,0,0,0,4,0,26
A1Q5GERIWS0YJR,502,0,0,0,0,0,0,0,17,0,0,0,4,0,26
A3POYFULMTNW1H,502,0,0,0,0,0,0,0,17,0,0,0,4,0,26
ARQ4J4TLTPBNC,502,0,0,0,0,0,0,0,17,0,0,0,4,0,26
A15MN5MDG4D7Q9,502,0,0,0,0,0,0,5,17,0,0,0,4,5,26
AS51Z6DBWM9JM,502,0,0,0,0,0,0,0,17,0,0,0,4,0,26
AZ209ZYWRSIUG,502,0,0,0,0,0,0,0,17,0,0,0,4,0,26
A2NCIFVGIZESDF,513,0,0,0,0,0,0,0,37,0,0,0,4,40,34
A1757CYJKBGLV2,513,0,0,10,0,0,0,0,37,0,0,90,4,0,34
A2OY54JKHARPKS,513,0,0,0,0,0,0,0,37,0,0,15,4,0,34
A1ZGDXSHUPEQD9,513,0,0,0,0,0,0,0,37,0,0,0,4,0,34
A1Q5GERIWS0YJR,513,0,0,0,0,0,0,0,37,0,0,0,4,0,34
A3POYFULMTNW1H,513,0,0,0,0,0,0,40,37,0,0,0,4,40,34
ARQ4J4TLTPBNC,513,0,0,0,0,0,0,0,37,0,0,0,4,0,34
A15MN5MDG4D7Q9,513,30,0,30,0,0,0,0,37,100,0,40,4,-40,34
AS51Z6DBWM9JM,513,0,0,0,0,0,0,0,37,0,0,0,4,0,34
AZ209ZYWRSIUG,513,0,0,0,0,0,0,0,37,0,0,0,4,0,34
A2NCIFVGIZESDF,512,0,4,0,5,0,0,0,0,0,0,0,19,0,-6
A1757CYJKBGLV2,512,10,4,0,5,30,0,0,0,20,0,40,19,0,-6
A2OY54JKHARPKS,512,0,4,0,5,0,0,0,0,0,0,0,19,0,-6
A1ZGDXSHUPEQD9,512,0,4,0,5,0,0,0,0,0,0,25,19,0,-6
A1Q5GERIWS0YJR,512,0,4,0,5,0,0,0,0,0,0,0,19,0,-6
A3POYFULMTNW1H,512,0,4,0,5,0,0,50,0,0,0,0,19,50,-6
ARQ4J4TLTPBNC,512,0,4,0,5,0,0,0,0,0,0,0,19,0,-6
A15MN5MDG4D7Q9,512,10,4,10,5,0,0,0,0,30,0,10,19,-20,-6
AS51Z6DBWM9JM,512,0,4,0,5,0,0,0,0,0,0,0,19,12,-6
AZ209ZYWRSIUG,512,0,4,0,5,0,0,0,0,0,0,0,19,0,-6
A2NCIFVGIZESDF,501,0,24,20,26,0,16,5,13,5,38,15,5,-20,-48
A1757CYJKBGLV2,501,90,24,80,26,80,16,80,13,30,38,90,5,60,-48
A2OY54JKHARPKS,501,0,24,0,26,0,16,0,13,0,38,0,5,0,-48
A1ZGDXSHUPEQD9,501,0,24,0,26,0,16,10,13,0,38,0,5,0,-48
A1Q5GERIWS0YJR,501,40,24,40,26,0,16,0,13,30,38,0,5,-40,-48
A3POYFULMTNW1H,501,0,24,0,26,0,16,80,13,20,38,0,5,-80,-48
ARQ4J4TLTPBNC,501,100,24,100,26,0,16,0,13,100,38,0,5,-100,-48
A15MN5MDG4D7Q9,501,0,24,20,26,1,16,10,13,10,38,0,5,-5,-48
AS51Z6DBWM9JM,501,45,24,60,26,75,16,0,13,80,38,0,5,-65,-48
AZ209ZYWRSIUG,501,30,24,60,26,0,16,0,13,70,38,0,5,-50,-48
A2NCIFVGIZESDF,511,0,0,0,0,0,0,0,53,0,0,20,65,40,61
A1757CYJKBGLV2,511,0,0,0,0,0,0,90,53,0,0,90,65,90,61
A2OY54JKHARPKS,511,0,0,0,0,0,0,0,53,0,0,10,65,0,61
A1ZGDXSHUPEQD9,511,0,0,0,0,0,0,0,53,0,0,25,65,0,61
A1Q5GERIWS0YJR,511,0,0,0,0,0,0,10,53,0,0,10,65,10,61
A3POYFULMTNW1H,511,0,0,0,0,0,0,80,53,70,0,0,65,80,61
ARQ4J4TLTPBNC,511,0,0,0,0,0,0,100,53,100,0,0,65,100,61
A15MN5MDG4D7Q9,511,0,0,0,0,0,0,5,53,0,0,0,65,0,61
AS51Z6DBWM9JM,511,0,0,0,0,15,0,5,53,0,0,35,65,23,61
AZ209ZYWRSIUG,511,0,0,0,0,0,0,0,53,0,0,0,65,0,61
A2NCIFVGIZESDF,500,0,0,0,0,10,15,50,38,30,9,0,11,40,32
A1757CYJKBGLV2,500,0,0,0,0,0,15,80,38,0,9,90,11,90,32
A2OY54JKHARPKS,500,0,0,0,0,0,15,12,38,0,9,15,11,0,32
A1ZGDXSHUPEQD9,500,0,0,0,0,0,15,10,38,0,9,10,11,0,32
A1Q5GERIWS0YJR,500,0,0,0,0,0,15,0,38,0,9,0,11,40,32
A3POYFULMTNW1H,500,0,0,0,0,50,15,99,38,30,9,0,11,99,32
ARQ4J4TLTPBNC,500,0,0,0,0,100,15,0,38,100,9,0,11,-100,32
A15MN5MDG4D7Q9,500,0,0,0,0,0,15,30,38,5,9,5,11,30,32
AS51Z6DBWM9JM,500,0,0,0,0,10,15,80,38,0,9,0,11,65,32
AZ209ZYWRSIUG,500,0,0,0,0,0,15,10,38,0,9,0,11,10,32
A2NCIFVGIZESDF,510,0,18,0,0,0,0,0,0,0,15,0,59,0,-34
A1757CYJKBGLV2,510,80,18,50,0,60,0,0,0,40,15,50,59,-50,-34
A2OY54JKHARPKS,510,0,18,0,0,0,0,0,0,0,15,0,59,0,-34
A1ZGDXSHUPEQD9,510,20,18,0,0,0,0,0,0,0,15,0,59,0,-34
A1Q5GERIWS0YJR,510,80,18,80,0,0,0,0,0,80,15,0,59,-80,-34
A3POYFULMTNW1H,510,80,18,70,0,70,0,0,0,70,15,0,59,-70,-34
ARQ4J4TLTPBNC,510,100,18,100,0,0,0,0,0,100,15,0,59,-100,-34
A15MN5MDG4D7Q9,510,50,18,40,0,20,0,0,0,50,15,0,59,-50,-34
AS51Z6DBWM9JM,510,40,18,20,0,25,0,0,0,0,15,0,59,-30,-34
AZ209ZYWRSIUG,510,80,18,80,0,10,0,0,0,80,15,0,59,-80,-34
A2NCIFVGIZESDF,509,30,34,20,11,0,0,0,0,25,40,30,13,85,-32
A1757CYJKBGLV2,509,30,34,0,11,30,0,10,0,40,40,20,13,-50,-32
A2OY54JKHARPKS,509,20,34,20,11,20,0,0,0,30,40,2,13,0,-32
A1ZGDXSHUPEQD9,509,10,34,0,11,0,0,0,0,15,40,0,13,0,-32
A1Q5GERIWS0YJR,509,10,34,10,11,0,0,0,0,10,40,0,13,-10,-32
A3POYFULMTNW1H,509,0,34,50,11,0,0,0,0,50,40,30,13,-50,-32
ARQ4J4TLTPBNC,509,100,34,100,11,0,0,0,0,100,40,0,13,-100,-32
A15MN5MDG4D7Q9,509,50,34,50,11,50,0,0,0,75,40,5,13,-50,-32
AS51Z6DBWM9JM,509,54,34,40,11,12,0,0,0,69,40,20,13,-35,-32
AZ209ZYWRSIUG,509,100,34,100,11,40,0,0,0,100,40,0,13,-100,-32
A2NCIFVGIZESDF,519,0,0,70,14,0,0,0,6,0,0,30,75,0,18
A1757CYJKBGLV2,519,0,0,88,14,0,0,0,6,0,0,99,75,0,18
A2OY54JKHARPKS,519,0,0,2,14,0,0,0,6,1,0,5,75,0,18
A1ZGDXSHUPEQD9,519,0,0,50,14,0,0,0,6,0,0,20,75,0,18
A1Q5GERIWS0YJR,519,0,0,0,14,0,0,30,6,0,0,80,75,30,18
A3POYFULMTNW1H,519,0,0,0,14,0,0,80,6,0,0,30,75,80,18
ARQ4J4TLTPBNC,519,0,0,0,14,0,0,0,6,0,0,0,75,0,18
A15MN5MDG4D7Q9,519,0,0,5,14,0,0,0,6,0,0,20,75,0,18
AS51Z6DBWM9JM,519,0,0,32,14,0,0,0,6,0,0,0,75,87,18
AZ209ZYWRSIUG,519,0,0,0,14,0,0,10,6,0,0,0,75,4,18
A2NCIFVGIZESDF,508,50,11,0,0,0,0,0,0,0,4,40,38,-30,-15
A1757CYJKBGLV2,508,100,11,100,0,100,0,0,0,100,4,100,38,-100,-15
A2OY54JKHARPKS,508,0,11,0,0,15,0,0,0,15,4,30,38,0,-15
A1ZGDXSHUPEQD9,508,0,11,0,0,0,0,0,0,0,4,0,38,0,-15
A1Q5GERIWS0YJR,508,0,11,0,0,0,0,0,0,0,4,10,38,0,-15
A3POYFULMTNW1H,508,0,11,0,0,0,0,40,0,0,4,20,38,40,-15
ARQ4J4TLTPBNC,508,0,11,0,0,0,0,0,0,0,4,0,38,0,-15
A15MN5MDG4D7Q9,508,15,11,20,0,5,0,0,0,30,4,30,38,-30,-15
AS51Z6DBWM9JM,508,0,11,0,0,12,0,0,0,0,4,25,38,0,-15
AZ209ZYWRSIUG,508,0,11,0,0,0,0,0,0,0,4,0,38,0,-15
A1AVJRFM6L0RN8,583,0,2,0,1,0,70,0,0,0,36,0,24,0,-72
ADAGUJNWMEPT6,583,5,2,10,1,80,70,0,0,75,36,20,24,-60,-72
A1LY3NJTYW9TFF,583,0,2,0,1,20,70,0,0,30,36,0,24,0,-72
A14WWG6NKBDWGP,583,0,2,30,1,60,70,0,0,60,36,60,24,-40,-72
A1VYRD3HO2WDUN,583,0,2,0,1,70,70,0,0,0,36,0,24,-70,-72
A1XUURRBT9RYFW,583,0,2,0,1,15,70,0,0,0,36,10,24,-15,-72
A1M0SEWUJYX9K0,583,10,2,15,1,50,70,0,0,50,36,50,24,-70,-72
A2KBTYNGUFRB9N,583,60,2,70,1,80,70,0,0,40,36,40,24,-80,-72
A3POYFULMTNW1H,583,0,2,50,1,50,70,0,0,50,36,0,24,-50,-72
ARQ4J4TLTPBNC,583,0,2,100,1,100,70,0,0,100,36,100,24,-100,-72
A1AVJRFM6L0RN8,595,65,27,65,15,0,75,0,17,50,22,0,22,65,-45
ADAGUJNWMEPT6,595,25,27,15,15,40,75,0,17,20,22,5,22,-45,-45
A1LY3NJTYW9TFF,595,0,27,0,15,20,75,0,17,10,22,0,22,0,-45
A14WWG6NKBDWGP,595,50,27,50,15,50,75,0,17,40,22,10,22,-70,-45
A1VYRD3HO2WDUN,595,20,27,50,15,70,75,0,17,50,22,0,22,-60,-45
A1XUURRBT9RYFW,595,5,27,5,15,50,75,0,17,5,22,5,22,-20,-45
A1M0SEWUJYX9K0,595,40,27,60,15,60,75,0,17,90,22,0,22,-95,-45
A2KBTYNGUFRB9N,595,30,27,30,15,60,75,0,17,0,22,10,22,-40,-45
A3POYFULMTNW1H,595,80,27,80,15,80,75,0,17,45,22,0,22,-40,-45
ARQ4J4TLTPBNC,595,0,27,100,15,50,75,0,17,100,22,100,22,-100,-45
